Workbook
Name Farbe: ZELLE:ZUORDNEN(63,INDIRECT("ZS(-1)",))

Sheet Column header
A1: BfArM Nummer | B1: Edited_BfArM Nummer2 | C1: Edited_BfArM Nummer3 with Function
A2: Diagnose | B2: Diagnose | C2: =PROPER('Column header'!$B2) -> Diagnose
A3: CK-12 Tage vor Krankheitsbeginn | B3: CK Day 12_From Start | C3: =PROPER('Column header'!$B3) -> Ck Day 12_From Start
A4: CK-11 Tage vor Krankheitsbeginn | B4: CK Day 11_From Start | C4: =PROPER('Column header'!$B4) -> Ck Day 11_From Start
A5: CK-7 Tage vor Krankheitsbeginn | B5: CK Day 7_From Start | C5: =PROPER('Column header'!$B5) -> Ck Day 7_From Start
A6: CK-6 Tage vor Krankheitsbeginn | B6: CK Day 6_From Start | C6: =PROPER('Column header'!$B6) -> Ck Day 6_From Start
A7: CK-4 Tage vor Krankheitsbeginn (U\l) | B7: CK Day 4_From Start | C7: =PROPER('Column header'!$B7) -> Ck Day 4_From Start
A8: CK-3 Tage vor Krankheitsbeginn | B8: CK Day 3_From Start | C8: =PROPER('Column header'!$B8) -> Ck Day 3_From Start
A9: CK-2 Tage vor Krankheitsbeginn (U\l) | B9: CK Day 2_From Start | C9: =PROPER('Column header'!$B9) -> Ck Day 2_From Start
A10: CK-1 Tag vor Krankheitsbeginn (U\l) | B10: CK Day 1_From Start | C10: =PROPER('Column header'!$B10) -> Ck Day 1_From Start
A11: CK-Datum unbekannt | B11: CK Day_Unknown | C11: =PROPER('Column header'!$B11) -> Ck Day_Unknown
A12: CK-d1 (U\l) | B12: Ck Day1 | C12: =PROPER('Column header'!$B12) -> Ck Day1
A13: Ck-d2 | B13: Ck Day2 | C13: =PROPER('Column header'!$B13) -> Ck Day2
... A1509: MCHC- (g/dl) d4w3m2 | B1509: MCHC Day81 | C1509: =PROPER('Column header'!$B1509) -> Mchc Day81
A1510: Reticulozyten-11 Tage vor Krankheisbeginn | C1510: =PROPER('Column header'!$B1510)
A1511: Reticulozyten-Datum unbekannt (% pro 1000 Erys) | C1511: =PROPER('Column header'!$B1511)
A1512: Reticulozyten-d2(% pro 1000 Erys) | C1512: =PROPER('Column header'!$B1512)
A1513: Reticulozyten-d3 | C1513: =PROPER('Column header'!$B1513)
A1514: Anti-HAV-IgG (0=negativ, 1=positiv) | C1514: =PROPER('Column header'!$B1514)
A1515: EBV-VCA-IgG (0=negativ, 1=positiv) | C1515: =PROPER('Column header'!$B1515)
A1516: Epstein-Barr-IgM-d7 (0=negativ, 1=positiv) | C1516: =PROPER('Column header'!$B1516)
A1517: Cytomegalievirus (0=negativ, 1=positiv) | C1517: =PROPER('Column header'!$B1517)
A1518: ANA(Antinukleäre Antikörper)-Datum umbekannt (0=negativ, 1=positiv) | C1518: =PROPER('Column header'!$B1518)
A1519: Anti-Ro (SSA(Ro)-Antikörper)-Datum unbekannt (0=negativ, 1=positiv) | C1519: =PROPER('Column header'!$B1519)
A1520: Anti-La (SSB(La)-Antikörper)-Datum unbekannt (0=negativ, 1=positiv) | C1520: =PROPER('Column header'!$B1520)
A1521: Antihistonantikörper-Datum unbekannt (0=negativ, 1=positiv) | C1521: =PROPER('Column header'!$B1521)
... A1537: HLA B51 (0=negativ, 1=positiv) | C1537: =PROPER('Column header'!$B1537)
A1538: Natrium-11 Tage vor Krankheitsbeginn (mmol/l) | B1538: Natrium Day11_From Start | C1538: =PROPER('Column header'!$B1538) -> Natrium Day11_From Start
A1539: Natrium-9 Tage vor Krankheitsbeginn (mmol/l) | B1539: Natrium Day9_From Start | C1539: =PROPER('Column header'!$B1539) -> Natrium Day9_From Start
A1540: Natrium-8 Tage vor Krankheitsbeginn | B1540: Natrium Day8_From Start | C1540: =PROPER('Column header'!$B1540) -> Natrium Day8_From Start
A1541: Natrium-7 Tage vor Krankheitsbeginn | B1541: Natrium Day7_From Start | C1541: =PROPER('Column header'!$B1541) -> Natrium Day7_From Start
A1542: Natrium-5 Tage vor Krankheitsbeginn | B1542: Natrium Day5_From Start | C1542: =PROPER('Column header'!$B1542) -> Natrium Day5_From Start
A1543: Natrium-3 Tage vor Krankheitsbeginn | B1543: Natrium Day3_From Start | C1543: =PROPER('Column header'!$B1543) -> Natrium Day3_From Start
A1544: Natrium-2 Tage vor Krankheitsbeginn | B1544: Natrium Day2_From Start | C1544: =PROPER('Column header'!$B1544) -> Natrium Day2_From Start
A1545: Natrium-1 Tage vor Krankheitsbeginn | B1545: Natrium Day1_From Start | C1545: =PROPER('Column header'!$B1545) -> Natrium Day1_From Start
A1546: Natrium-Datum unbekannt | B1546: Natrium Day_Unknown | C1546: =PROPER('Column header'!$B1546) -> Natrium Day_Unknown
A1547: Natrium (Sodium)-d1 (mmol/l) | B1547: Natrium Day1 | C1547: =PROPER('Column header'!$B1547) -> Natrium Day1
A1548: Natrium-d2 | B1548: Natrium Day2 | C1548: =PROPER('Column header'!$B1548) -> Natrium Day2
A1549: Natrium-d3 | B1549: Natrium Day3 | C1549: =PROPER('Column header'!$B1549) -> Natrium Day3
... A1722: Lactat-8 Tage vor Krankheitsbeginn (mmol/l) | B1722: Lactat Day8_From Start | C1722: =PROPER('Column header'!$B1722) -> Lactat Day8_From Start
A1723: Lactat-Datum unbekannt | C1723: =PROPER('Column header'!$B1723)
A1724: Lactat-d1 (mmol/l) | C1724: =PROPER('Column header'!$B1724)
A1725: Lactat-d2 | C1725: =PROPER('Column header'!$B1725)
A1726: Lactat-d5 | C1726: =PROPER('Column header'!$B1726)
A1727: Urobilinogen [mg/dl]-d2w1 | C1727: =PROPER('Column header'!$B1727)
A1728: Phosphat-8 Tage vor Krankheitsbeginn | C1728: =PROPER('Column header'!$B1728)
A1729: Phosphat-2 Tage vor Krankheitsbeginn | C1729: =PROPER('Column header'!$B1729)
A1730: Phosphat-1 Tage vor Krankheitsbeginn | C1730: =PROPER('Column header'!$B1730)
A1731: Phosphat-Datum unbekannt | C1731: =PROPER('Column header'!$B1731)
A1732: Phosphat-d1 (mmol/l) | C1732: =PROPER('Column header'!$B1732)
A1733: Phosphat-d2 (mmol/l) | C1733: =PROPER('Column header'!$B1733)
A1734: GFR-Datum unbekannt | C1734: =PROPER('Column header'!$B1734)
... A1742: Prick-Test-Datum unbekannt (0=negativ, 1=positiv) | C1742: =PROPER('Column header'!$B1742)
A1743: Leukozyten-Datum unbekannt | B1743: Leukozyten Day_Unknown | C1743: =PROPER('Column header'!$B1743) -> Leukozyten Day_Unknown
A1744: Leukozyten-d3 (/mikroliter) | B1744: Leukozyten Day3 | C1744: =PROPER('Column header'!$B1744) -> Leukozyten Day3
A1745: Leukozyten im Sediment-d3 (mikroliter) | C1745: =PROPER('Column header'!$B1745)
A1746: Erythrozyten-Datum unbekannt | B1746: UErythrozyten Day_Unknown | C1746: =PROPER('Column header'!$B1746) -> Uerythrozyten Day_Unknown
A1747: Erythrozyten-d3 (/mikroliter) | C1747: =PROPER('Column header'!$B1747)
A1748: Erythrozyten-d4 | C1748: =PROPER('Column header'!$B1748)
A1749: Erythrozyten-d5 | C1749: =PROPER('Column header'!$B1749)
A1750: Erythrozyten-d7w1 | C1750: =PROPER('Column header'!$B1750)
A1751: Erythrozyten-d4w3 | C1751: =PROPER('Column header'!$B1751)
A1752: Erythrozyten im Sediment-d3 (/mikroliter | C1752: =PROPER('Column header'!$B1752)
A1753: Glucose-d3 (mg/dl) | C1753: =PROPER('Column header'!$B1753)
A1754: Protein-Datum unbekannt | C1754: =PROPER('Column header'!$B1754)
A1755: Protein-d1 (mg/dl) | C1755: =PROPER('Column header'!$B1755)
A1756: Protein-d2 (mg/dl) | C1756: =PROPER('Column header'!$B1756)
A1757: Protein-d3 (mg/dl) | C1757: =PROPER('Column header'!$B1757)
A1758: Protein-d4 (mg/dl) | C1758: =PROPER('Column header'!$B1758)
... A5531: Füße | C5531: =PROPER('Column header'!$B5531)
C5532: =PROPER('Column header'!$B5532)
C5533: =PROPER('Column header'!$B5533)
A5534: Betroffene Hautoberfläche (%) | C5534: =PROPER('Column header'!$B5534)
A5535: Nikolski-Phänomen | C5535: =PROPER('Column header'!$B5535)
A5536: Hautnekrose | C5536: =PROPER('Column header'!$B5536)
A5537: Hautablösung | C5537: =PROPER('Column header'!$B5537)
A5538: Hautulzeration | C5538: =PROPER('Column header'!$B5538)
A5539: Hämangiom | C5539: =PROPER('Column header'!$B5539)
A5540: TEN | C5540: =PROPER('Column header'!$B5540)
A5541: DRESS | C5541: =PROPER('Column header'!$B5541)
A5542: Überlappungssyndrom | C5542: =PROPER('Column header'!$B5542)
A5543: Stomatitis | C5543: =PROPER('Column header'!$B5543)
A5544: Mucositis | C5544: =PROPER('Column header'!$B5544)
A5545: Chelitis | C5545: =PROPER('Column header'!$B5545)
... A5584: Hände | C5584: =PROPER('Column header'!$B5584)
C5585: =PROPER('Column header'!$B5585)
A5586: allgemein | C5586: =PROPER('Column header'!$B5586)
A5587: Wangen | C5587: =PROPER('Column header'!$B5587)
C5588: =PROPER('Column header'!$B5588)
C5589: =PROPER('Column header'!$B5589)
C5590: =PROPER('Column header'!$B5590)
C5591: =PROPER('Column header'!$B5591)
C5592: =PROPER('Column header'!$B5592)
C5593: =PROPER('Column header'!$B5593)
A5594: allgeimein | C5594: =PROPER('Column header'!$B5594)
A5595: Hände | C5595: =PROPER('Column header'!$B5595)
A5596: Füße | C5596: =PROPER('Column header'!$B5596)
A5597: Stamm | C5597: =PROPER('Column header'!$B5597)
A5598: Rücken | C5598: =PROPER('Column header'!$B5598)
A5599: Arme | C5599: =PROPER('Column header'!$B5599)
...

Sheet Sheet3
A1: Edited_BfArM Nummer2 | B1: Diagnose | C1: CK Day 12_From Start | D1: CK Day 11_From Start | E1: CK Day 7_From Start | F1: CK Day 6_From Start | G1: CK Day 4_From Start | H1: CK Day 3_From Start | I1: CK Day 2_From Start | J1: CK Day 1_From Start | K1: CK Day_Unknown | L1: Ck Day1 | M1: Ck Day2 | N1: Ck Day3 | O1: Ck Day4 | P1: Ck Day5 | Q1: Ck Day6 | R1: Ck Day7 | S1: Ck Day8 | T1: Ck Day9 | U1: Ck Day10 | V1: Ck Day11 | W1: Ck Day12 | X1: Ck Day13 | Y1: Ck Day14 | Z1: Ck Day15 | AA1: Ck Day16 | AB1: Ck Day17 | AC1: CK-MB Day4_From Start | AD1: CK-MB Day4_From Start | AE1: CK-MB Day4_From Start | AF1: CK-MB Day1 | AG1: CK-MB Day2 | AH1: CK-MB Day3 | AI1: CK-MB Day4 | AJ1: CK-MB Day5 | AK1: CK-MB Day6 | AL1: CK-MB Day7 | AM1: CK-MB Day9 | AN1: CK-MB Day10 | AO1: CK-MB Day11 | AP1: CK-MB Day13 | AQ1: CK-MB Day18 | AR1: CK-MB Day24 | AS1: CK-MB Day15 | AT1: Quick Day37_From Start | AU1: Quick Day12_From Start | AV1: Quick Day11_From Start | AW1: Quick Day8_From Start | AX1: Quick Day7_From Start | AY1: Quick Day3_From Start | AZ1: Quick Day2_From Start | BA1: Quick Day_From Start | BB1: Quick Day_Unknown | BC1: Quick Day1 | BD1: Quick Day2 | BE1: Quick Day3 | BF1: Quick Day4 | BG1: Quick Day5 | BH1: Quick Day6 | BI1: Quick Day7 | BJ1: Quick Day8 | BK1: Quick Day9 | BL1: Quick Day10 | BM1: Quick Day11 | BN1: Quick Day12 | BO1: Quick Day13 | BP1: Quick Day15 | BQ1: Quick Day16 | BR1: Quick Day17 | BS1: Quick Day20 | BT1: Quick Day22 | BU1: Quick Day23 | BV1: Quick Day24 | BW1: Quick Day34 | BX1: Quick Day35 | BY1: Quick Day49 | BZ1: Quick Day55 | CA1: Quick Day70 | CB1: Quick Day79 | CC1: Quick Day92 | CD1: Quick Day103 | CE1: INR Day12_From Start | CF1: INR Day11_From Start | CG1: INR Day8_From Start | CH1: INR Day7_From Start | CI1: INR Day3_From Start | CJ1: INR Day2_From Start | CK1: INR Day1_From Start | CL1: INR Day_Unknown | CM1: INR Day1 | CN1: INR Day2 | CO1: INR Day3 | CP1: INR Day4 | CQ1: INR Day5 | CR1: INR Day6 | CS1: INR Day7 | CT1: INR Day8 | CU1: INR Day9 | CV1: INR Day10 | CW1: INR Day11 | CX1: INR Day13 | CY1: INR Day16 | CZ1: INR Day22 | DA1: INR Day23 | DB1: INR Day35 | DC1: INR Day36 | DD1: INR Day49 | DE1: INR Day55 | DF1: INR Day79 | DG1: INR Day92 | DH1: INR Day103 | DI1: Troponin I Day2_From Start | DJ1: Troponin I Day1_From Start | DK1: Troponin I Day_Unknown | DL1: Troponin I Day51 | DM1: Troponin I Day56 | DN1: Prothrombin Day14_From Start | DO1: Prothrombin Day6_From Start | DP1: Prothrombin Day3_From Start | DQ1: Prothrombin Day2_From Start | DR1: Prothrombin Day1_From Start | DS1: Prothrombin Day_Unknown | DT1: Prothrombin Day1 | DU1: Prothrombin Day2 | DV1: Prothrombin Day5 | DW1: PTT Day1100_From Start (~3Y) | DX1: PTT Day12_From Start | DY1: PTT Day11_From Start | DZ1: PTT Day8_From Start | EA1: PTT Day7_From Start | EB1: PTT Day6_From Start | EC1: PTT Day5_From Start | ED1: PTT Day4_From Start | EE1: PTT Day2_From Start | EF1: PTT Day_Unknown | EG1: PTT Day1 | EH1: PTT Day2 | EI1: PTT Day3 | EJ1: PTT Day4 | EK1: PTT Day5 | EL1: PTT Day6 | EM1: PTT Day7 | EN1: PTT Day8 | EO1: PTT Day9 | EP1: PTT Day10 | EQ1: PTT Day11 | ER1: PTT Day12 | ES1: PTT Day15 | ET1: PTT Day16 | EU1: PTT Day17 | EV1: PTT Day22 | EW1: PTT Day23 | EX1: PTT Day34 | EY1: PTT Day35 | EZ1: PTT Day49 | FA1: PTT Day55 | FB1: PTT Day79 | FC1: PTT Day103 | FD1: TZ Day1_From Start | FE1: TZ Day1 | FF1: TZ Day2 | FG1: TZ Day3 | FH1: TZ Day4 | FI1: TZ Day7 | FJ1: TZ Day9 | FK1: TZ Day10 | FL1: TZ Day11 | FM1: Antithrombin 3 (AT-III) Day_Unknown | FN1: Antithrombin 3 (AT-III) Day1 | FO1: Antithrombin 3 (AT-III) Day2 | FP1: Antithrombin 3 (AT-III) Day12 | FQ1: Serummyoglobin Day2_From Start | FR1: Serummyoglobin Day1_From Start | FS1: Serummyoglobin Day_Unknown | FT1: Serummyoglobin Day1 | FU1: Serummyoglobin Day3 | FV1: Serummyoglobin Day15 | FW1: Serummyoglobin Day16 | FX1: D-Dimer Day_UnKnown | FY1: D-Dimer Day1 | FZ1: D-Dimer Day2 | GA1: D-Dimer Day4 | GB1: CH-50 Day_Unknown | GC1: Fibrinogen Day12_From Start | GD1: Fibrinogen Day11_From Start | GE1: Fibrinogen Day8_From Start | GF1: Fibrinogen Day7_From Start | GG1: Fibrinogen Day2_From Start | GH1: Fibrinogen Day1_From Start | GI1: Fibrinogen Day_Unknown | GJ1: Fibrinogen Day1 | GK1: Fibrinogen Day2 | GL1: Fibrinogen Day3 | GM1: Fibrinogen Day4 | GN1: Fibrinogen Day7 | GO1: Fibrinogen Day9 | GP1: Fibrinogen Day10 | GQ1: Fibrinogen Day11 | GR1: Fibrinogen Day12 | GS1: Fibrinogen Day13 | GT1: Fibrinogen Day15 | GU1: Fibrinogen Day16 | GV1: Fibrinogen Day22 | GW1: Fibrinogen Day55 | GX1: AT III Day_Unknown | GY1: Leukozyten Day64_From Start | GZ1: Leukozyten Day48_From Start | HA1: Leukozyten Day39_From Start | HB1: Leukozyten Day36_From Start | HC1: Leukozyten Day27_From Start | HD1: Leukozyten Day20_From Start | HE1: Leukozyten Day12_From Start | HF1: Leukozyten Day11_From Start | HG1: Leukozyten Day9_From Start | HH1: Leukozyten Day8_From Start | HI1: Leukozyten Day7_From Start | HJ1: Leukozyten Day6_From Start | HK1: Leukozyten Day5_From Start | HL1: Leukozyten Day4_From Start | HM1: Leukozyten Day3_From Start | HN1: Leukozyten Day2_From Start | HO1: Leukozyten Day1_From Start | HP1: Leukozyten Day_Unknown | HQ1: Leukozyten Day1 | HR1: Leukozyten Day2 | HS1: Leukozyten Day3 | HT1: Leukozyten Day4 | HU1: Leukozyten Day5 | HV1: Leukozyten Day6 | HW1: Leukozyten Day7 | HX1: Leukozyten Day8 | HY1: Leukozyten Day9 | HZ1: Leukozyten Day10 | IA1: Leukozyten Day11 | IB1: Leukozyten Day12 | IC1: Leukozyten Day13 | ID1: Leukozyten Day14 | IE1: Leukozyten Day15 | IF1: Leukozyten Day16 | IG1: Leukozyten Day17 | IH1: Leukozyten Day20 | II1: Leukozyten Day21 | IJ1: Leukozyten Day22 | IK1: Leukozyten Day23 | IL1: Leukozyten Day25 | IM1: Leukozyten Day27 | IN1: Leukozyten Day31 | IO1: Leukozyten Day33 | IP1: Leukozyten Day55 | IQ1: Leukozyten Day67 | IR1: Leukozyten Day74 | IS1: Leukozyten Day172 | IT1: GOT Day275_From Start | IU1: GOT Day114_From Start | IV1: GOT Day107_From Start | IW1: GOT Day105_From Start | IX1: GOT Day56_From Start | IY1: GOT Day36_From Start | IZ1: GOT Day26_From Start | JA1: GOT Day22_From Start | JB1: GOT Day20_From Start | JC1: GOT Day18_From Start | JD1: GOT Day13_From Start | JE1: GOT Day12_From Start | JF1: GOT Day11_From Start | JG1: GOT Day9_From Start | JH1: GOT Day8_From Start | JI1: GOT Day7_From Start | JJ1: GOT Day6_From Start | JK1: GOT Day5_From Start | JL1: GOT Day4_From Start | JM1: GOT Day3_From Start | JN1: GOT Day2_From Start | JO1: GOT Day1_From Start | JP1: GOT Day_Unknown | JQ1: GOT Day1 | JR1: GOT Day2 | JS1: GOT Day3 | JT1: GOT Day4 | JU1: GOT Day5 | JV1: GOT Day6 | JW1: GOT Day7 | JX1: GOT Day8 | JY1: GOT Day9 | JZ1: GOT Day10 | KA1: GOT Day11 | KB1: GOT Day12 | KC1: GOT Day13 | KD1: GOT Day14 | KE1: GOT Day15 | KF1: GOT Day16 | KG1: GOT Day17 | KH1: GOT Day18 | KI1: GOT Day19 | KJ1: GOT Day20 | KK1: GOT Day21 | KL1: GOT Day22 | KM1: GOT Day23 | KN1: GOT Day24 | KO1: GOT Day25 | KP1: GOT Day26 | KQ1: GOT Day27 | KR1: GOT Day28 | KS1: GOT Day31 | KT1: GOT Day32 | KU1: GOT Day33 | KV1: GOT Day34 | KW1: GOT Day35 | KX1: GOT Day36 | KY1: GOT Day37 | KZ1: GOT Day39 | LA1: GOT Day40 | LB1: GOT Day41 | LC1: GOT Day43 | LD1: GOT Day45 | LE1: GOT Day47 | LF1: GOT Day48 | LG1: GOT Day49 | LH1: GOT Day51 | LI1: GOT Day53 | LJ1: GOT Day54 | LK1: GOT Day55 | LL1: GOT Day56 | LM1: GOT Day58 | LN1: GOT Day61 | LO1: GOT Day62 | LP1: GOT Day66 | LQ1: GOT Day67 | LR1: GOT Day70 | LS1: GOT Day71 | LT1: GOT Day74 | LU1: GOT Day78 | LV1: GOT Day79 | LW1: GOT Day84 | LX1: GOT Day88 | LY1: GOT Day92 | LZ1: GOT Day96 | MA1: GOT Day99 | MB1: GOT Day103 | MC1: GOT Day107 | MD1: GOT Day110 | ME1: GOT Day163 | MF1: GPT Day275_From Start | MG1: GPT Day114_From Start | MH1: GPT Day107_From Start | MI1: GPT Day105_From Start | MJ1: GPT Day55_From Start | MK1: GPT Day54_From Start | ML1: GPT Day37_From Start | MM1: GPT Day36_From Start | MN1: GPT Day30_From Start | MO1: GPT Day28_From Start | MP1: GPT Day22_From Start | MQ1: GPT Day20_From Start | MR1: GPT Day18_From Start | MS1: GPT Day13_From Start | MT1: GPT Day12_From Start | MU1: GPT Day11_From Start | MV1: GPT Day9_From Start | MW1: GPT Day8_From Start | MX1: GPT Day7_From Start | MY1: GPT Day6_From Start | MZ1: GPT Day5_From Start | NA1: GPT Day4_From Start | NB1: GPT Day3_From Start | NC1: GPT Day2_From Start | ND1: GPT Day1_From Start | NE1: GPT Day_Unknown | NF1: GPT Day1 | NG1: GPT Day2 | NH1: GPT Day3 | NI1: GPT Day4 | NJ1: GPT Day5 | NK1: GPT Day6 | NL1: GPT Day7 | NM1: GPT Day8 | NN1: GPT Day9 | NO1: GPT Day10 | NP1: GPT Day11 | NQ1: GPT Day12 | NR1: GPT Day13 | NS1: GPT Day14 | NT1: GPT Day15 | NU1: GPT Day16 | NV1: GPT Day17 | NW1: GPT Day18 | NX1: GPT Day19 | NY1: GPT Day20 | NZ1: GPT Day21 | OA1: GPT Day22 | OB1: GPT Day23 | OC1: GPT Day24 | OD1: GPT Day25 | OE1: GPT Day26 | OF1: GPT Day27 | OG1: GPT Day28 | OH1: GPT Day31 | OI1: GPT Day33 | OJ1: GPT Day34 | OK1: GPT Day35 | OL1: GPT Day36 | OM1: GPT Day37 | ON1: GPT Day38 | OO1: GPT Day39 | OP1: GPT Day40 | OQ1: GPT Day42 | OR1: GPT Day43 | OS1: GPT Day44 | OT1: GPT Day46 | OU1: GPT Day47 | OV1: GPT Day48 | OW1: GPT Day49 | OX1: GPT Day51 | OY1: GPT Day53 | OZ1: GPT Day54 | PA1: GPT Day55 | PB1: GPT Day56 | PC1: GPT Day57 | PD1: GPT Day61 | PE1: GPT Day62 | PF1: GPT Day66 | PG1: GPT Day67 | PH1: GPT Day68 | PI1: GPT Day70 | PJ1: GPT Day71 | PK1: GPT Day74 | PL1: GPT Day78 | PM1: GPT Day79 | PN1: GPT Day84 | PO1: GPT Day88 | PP1: GPT Day92 | PQ1: GPT Day96 | PR1: GPT Day99 | PS1: GPT Day103 | PT1: GPT Day107 | PU1: GPT Day110 | PV1: GPT Day164 | PW1: GPT Day168 | PX1: GGT Day275_From Start | PY1: GGT Day114_From Start | PZ1: GGT Day105_From Start | QA1: GGT Day67_From Start | QB1: GGT Day55_From Start | QC1: GGT Day37_From Start | QD1: GGT Day36_From Start | QE1: GGT Day22_From Start | QF1: GGT Day20_From Start | QG1: GGT Day18_From Start | QH1: GGT Day12_From Start | QI1: GGT Day11_From Start | QJ1: GGT Day9_From Start | QK1: GGT Day8_From Start | QL1: GGT Day7_From Start | QM1: GGT Day6_From Start | QN1: GGT Day5_From Start | QO1: GGT Day4_From Start | QP1: GGT Day3_From Start | QQ1: GGT Day2_From Start | QR1: GGT Day1_From Start | QS1: GGT Day_Unknown | QT1: GGT Day1 | QU1: GGT Day2 | QV1: GGT Day3 | QW1: GGT Day4 | QX1: GGT Day5 | QY1: GGT Day6 | QZ1: GGT Day7 | RA1: GGT Day8 | RB1: GGT Day9 | RC1: GGT Day10 | RD1: GGT Day11 | RE1: GGT Day12 | RF1: GGT Day13 | RG1: GGT Day14 | RH1: GGT Day15 | RI1: GGT Day16 | RJ1: GGT Day17 | RK1: GGT Day18 | RL1: GGT Day19 | RM1: GGT Day20 | RN1: GGT Day21 | RO1: GGT Day22 | RP1: GGT Day23 | RQ1: GGT Day24 | RR1: GGT Day26 | RS1: GGT Day28 | RT1: GGT Day31 | RU1: GGT Day32 | RV1: GGT Day33 | RW1: GGT Day34 | RX1: GGT Day35 | RY1: GGT Day36 | RZ1: GGT Day37 | SA1: GGT Day40 | SB1: GGT Day43 | SC1: GGT Day44 | SD1: GGT Day48 | SE1: GGT Day49 | SF1: GGT Day50 | SG1: GGT Day51 | SH1: GGT Day53 | SI1: GGT Day55 | SJ1: GGT Day56 | SK1: GGT Day58 | SL1: GGT Day61 | SM1: GGT Day62 | SN1: GGT Day66 | SO1: GGT Day67 | SP1: GGT Day70 | SQ1: GGT Day74 | SR1: GGT Day78 | SS1: GGT Day79 | ST1: GGT Day82 | SU1: GGT Day86 | SV1: GGT Day92 | SW1: GGT Day99 | SX1: GGT Day103 | SY1: GGT Day110 | SZ1: LDH Day64_From Start | TA1: LDH Day13_From Start | TB1: LDH Day12_From Start | TC1: LDH Day11_From Start | TD1: LDH Day7_From Start | TE1: LDH Day6_From Start | TF1: LDH Day5_From Start | TG1: LDH Day4_From Start | TH1: LDH Day3_From Start | TI1: LDH Day2_From Start | TJ1: LDH Day1_From Start | TK1: LDH Day_Unknown | TL1: LDH Day1 | TM1: LDH Day2 | TN1: LDH Day3 | TO1: LDH Day4 | TP1: LDH Day5 | TQ1: LDH Day6 | TR1: LDH Day7 | TS1: LDH Day8 | TT1: LDH Day9 | TU1: LDH Day10 | TV1: LDH Day11 | TW1: LDH Day12 | TX1: LDH Day13 | TY1: LDH Day15 | TZ1: LDH Day16 | UA1: LDH Day17 | UB1: LDH Day18 | UC1: LDH Day22 | UD1: LDH Day24 | UE1: LDH Day28 | UF1: LDH Day21 | UG1: LDH Day33 | UH1: LDH Day36 | UI1: LDH Day55 | UJ1: LDH Day56 | UK1: LDH Day70 | UL1: GLDH Day275_From Start | UM1: GLDH Day_Unknown | UN1: GLDH Day1 | UO1: GLDH Day2 | UP1: GLDH Day3 | UQ1: GLDH Day4 | UR1: GLDH Day5 | US1: GLDH Day7 | UT1: GLDH Day11 | UU1: GLDH Day13 | UV1: GLDH Day15 | UW1: GLDH Day16 | UX1: GLDH Day19 | UY1: GLDH Day20 | UZ1: GLDH Day31 | VA1: GLDH Day32 | VB1: GLDH Day35 | VC1: GLDH Day49 | VD1: GLDH Day55 | VE1: GLDH Day67 | VF1: GLDH Day70 | VG1: GLDH Day79 | VH1: GLDH Day84 | VI1: GLDH Day103 | VJ1: Triglyceride Day22_From Start | VK1: Triglyceride Day2_From Start | VL1: Triglyceride Day1_From Start | VM1: Triglyceride Day_Unknown | VN1: Triglyceride Day1 | VO1: Triglyceride Day2 | VP1: Triglyceride Day4 | VQ1: Triglyceride Day5 | VR1: Triglyceride Day6 | VS1: Triglyceride Day14 | VT1: Triglyceride Day15 | VU1: Triglyceride Day16 | VV1: Triglyceride Day21 | VW1: Triglyceride Day25 | VX1: Triglyceride Day28 | VY1: Triglyceride Day46 | VZ1: Triglyceride Day58 | WA1: Triglyceride Day88 | WB1: Cholessterin Day55_From Start | WC1: Cholessterin Day1_From Start | WD1: Cholesterin Day_Unknown | WE1: Cholesterin Day1 | WF1: Cholesterin Day4 | WG1: Cholesterin Day5 | WH1: Cholesterin Day8 | WI1: Cholesterin Day14 | WJ1: Cholesterin Day15 | WK1: Cholesterin Day16 | WL1: Cholesterin Day18 | WM1: Cholesterin Day25 | WN1: Cholesterin Day88 | WO1: HDL Day_Unknown | WP1: HDL Day1 | WQ1: HDL Day12 | WR1: HDL Day14 | WS1: HDL Day25 | WT1: HDL Day58 | WU1: HDL Day88 | WV1: LDL Day_Unknown | WW1: LDL Day1 | WX1: LDL Day14 | WY1: LDL Day25 | WZ1: LDL Day58 | XA1: LDL Day88 | XB1: LDL/HDL Day_Unknown | XC1: Cholesterol/HDL Day_Unknown | XD1: Lymphozyten Day36_From Start | XE1: Lymphozyten Day22_From Start | XF1: Lymphozyten Day20_From Start | XG1: Lymphozyten Day12_From Start | XH1: Lymphozyten Day11_From Start | XI1: Lymphozyten Day7_From Start | XJ1: Lymphozyten Day6_From Start | XK1: Lymphozyten Day4_From Start | XL1: Lymphozyten Day_Unknown | XM1: Lymphozyten d1 | XN1: Lymphozyten d2 | XO1: Lymphozyten d3 | XP1: Lymphozyten d4 | XQ1: Lymphozyten d5 | XR1: Lymphozyten d6 | XS1: Lymphozyten d8 | XT1: Lymphozyten d9 | XU1: Lymphozyten d11 | XV1: Lymphozyten d13 | XW1: Lymphozyten d14 | XX1: Lymphozyten d15 | XY1: Lymphozyten d30 | XZ1: Lymphozyten d31 | YA1: Lymphozyten d33 | YB1: Lymphozyten d46 | YC1: Lymphozyten d66 | YD1: Lymphozyten d67 | YE1: Lymphozyten d84 | YF1: Lymphozyten d85 | YG1: Monocyten Day36_From Start | YH1: Monocyten Day22_From Start | YI1: Monocyten Day20_From Start | YJ1: Monocyten Day12_From Start | YK1: Monocyten Day7_From Start | YL1: Monocyten Day6_From Start | YM1: Monocyten Day_Unknown | YN1: Monocyten Day1 | YO1: Monocyten Day2 | YP1: Monocyten Day3 | YQ1: Monocyten Day5 | YR1: Monocyten Day6 | YS1: Monocyten Day9 | YT1: Monocyten Day14 | YU1: Monocyten Day15 | YV1: Monocyten Day31 | YW1: Monocyten Day67 | YX1: Monocyten Day84 | YY1: Hb Day72_From Start | YZ1: Hb Day64_From Start | ZA1: Hb Day56_From Start | ZB1: Hb Day43_From Start | ZC1: Hb Day38_From Start | ZD1: Hb Day36_From Start | ZE1: Hb Day26_From Start | ZF1: Hb Day22_From Start | ZG1: Hb Day21_From Start | ZH1: Hb Day20_From Start | ZI1: Hb Day14_From Start | ZJ1: Hb Day12_From Start | ZK1: Hb Day11_From Start | ZL1: Hb Day8_From Start | ZM1: Hb Day7_From Start | ZN1: Hb Day6_From Start | ZO1: Hb Day5_From Start | ZP1: Hb Day3_From Start | ZQ1: Hb Day2_From Start | ZR1: Hb Day1_From Start | ZS1: Hb Day_Unknown | ZT1: Hb Day1 | ZU1: Hb Day2 | ZV1: Hb Day3 | ZW1: Hb Day4 | ZX1: Hb Day5 | ZY1: Hb Day6 | ZZ1: Hb Day7 | AAA1: Hb Day8 | AAB1: Hb Day9 | AAC1: Hb Day10 | AAD1: Hb Day11 | AAE1: Hb Day12 | AAF1: Hb Day13 | AAG1: Hb Day14 | AAH1: Hb Day15 | AAI1: Hb Day16 | AAJ1: Hb Day17 | AAK1: Hb Day18 | AAL1: Hb Day21 | AAM1: Hb Day22 | AAN1: Hb Day23 | AAO1: Hb Day37 | AAP1: Hb Day31 | AAQ1: Hb Day55 | AAR1: Hb Day56 | AAS1: Hb Day66 | AAT1: Hb Day67 | AAU1: Hb Day70 | AAV1: Hb Day74 | AAW1: Hb Day124 | AAX1: Hb Day172 | AAY1: BloodBilirubin Day_Unknown | AAZ1: BloodBilirubin Day7_From Start | ABA1: BloodBilirubin Day2_From Start | ABB1: BloodBilirubin Day1 | ABC1: BloodBilirubin Day2 | ABD1: BloodBilirubin Day3 | ABE1: BloodBilirubin Day4 | ABF1: BloodBilirubin Day5 | ABG1: BloodBilirubin Day6 | ABH1: BloodBilirubin Day7 | ABI1: BloodBilirubin Day8 | ABJ1: BloodBilirubin Day9 | ABK1: BloodBilirubin Day10 | ABL1: BloodBilirubin Day12 | ABM1: BloodBilirubin Day13 | ABN1: BloodBilirubin Day14 | ABO1: BloodBilirubin Day17 | ABP1: BloodBilirubin Day18 | ABQ1: BloodBilirubin Day22 | ABR1: BloodBilirubin Day36 | ABS1: TotalBilirubin Day107_From Start | ABT1: TotalBilirubin Day64_From Start | ABU1: TotalBilirubin Day22_From Start | ABV1: TotalBilirubin Day12_From Start | ABW1: TotalBilirubin Day11_From Start | ABX1: TotalBilirubin Day8_From Start | ABY1: TotalBilirubin Day7_From Start | ABZ1: TotalBilirubin Day6_From Start | ACA1: TotalBilirubin Day5_From Start | ACB1: TotalBilirubin Day4_From Start | ACC1: TotalBilirubin Day3_From Start | ACD1: TotalBilirubin Day2_From Start | ACE1: TotalBilirubin Day1_From Start | ACF1: TotalBilirubin Day_Unknown | ACG1: TotalBilirubin Day1 | ACH1: TotalBilirubin Day2 | ACI1: TotalBilirubin Day3 | ACJ1: TotalBilirubin Day4 | ACK1: TotalBilirubin Day5 | ACL1: TotalBilirubin Day6 | ACM1: TotalBilirubin Day7 | ACN1: TotalBilirubin Day8 | ACO1: TotalBilirubin Day9 | ACP1: TotalBilirubin Day10 | ACQ1: TotalBilirubin Day11 | ACR1: TotalBilirubin Day12 | ACS1: TotalBilirubin Day13 | ACT1: TotalBilirubin Day14 | ACU1: TotalBilirubin Day15 | ACV1: TotalBilirubin Day16 | ACW1: TotalBilirubin Day17 | ACX1: TotalBilirubin Day18 | ACY1: TotalBilirubin Day19 | ACZ1: TotalBilirubin Day20 | ADA1: TotalBilirubin Day21 | ADB1: TotalBilirubin Day22 | ADC1: TotalBilirubin Day23 | ADD1: TotalBilirubin Day24 | ADE1: TotalBilirubin Day26 | ADF1: TotalBilirubin Day28 | ADG1: TotalBilirubin Day31 | ADH1: TotalBilirubin Day32 | ADI1: TotalBilirubin Day33 | ADJ1: TotalBilirubin Day34 | ADK1: TotalBilirubin Day35 | ADL1: TotalBilirubin Day36 | ADM1: TotalBilirubin Day37 | ADN1: TotalBilirubin Day44 | ADO1: TotalBilirubin Day46 | ADP1: TotalBilirubin Day47 | ADQ1: TotalBilirubin Day48 | ADR1: TotalBilirubin Day49 | ADS1: TotalBilirubin Day51 | ADT1: TotalBilirubin Day53 | ADU1: TotalBilirubin Day54 | ADV1: TotalBilirubin Day55 | ADW1: TotalBilirubin Day56 | ADX1: TotalBilirubin Day58 | ADY1: TotalBilirubin Day66 | ADZ1: TotalBilirubin Day67 | AEA1: TotalBilirubin Day78 | AEB1: TotalBilirubin Day79 | AEC1: TotalBilirubin Day84 | AED1: TotalBilirubin Day92 | AEE1: TotalBilirubin Day96 | AEF1: TotalBilirubin Day103 | AEG1: TotalBilirubin Day164 | AEH1: DirectBilirubin Day64_From Start | AEI1: DirectBilirubin Day_Unknown | AEJ1: DirectBilirubin Day1 | AEK1: DirectBilirubin Day2 | AEL1: DirectBilirubin Day3 | AEM1: DirectBilirubin Day4 | AEN1: DirectBilirubin Day5 | AEO1: DirectBilirubin Day6 | AEP1: DirectBilirubin Day7 | AEQ1: DirectBilirubin Day8 | AER1: DirectBilirubin Day10 | AES1: DirectBilirubin Day11 | AET1: DirectBilirubin Day12 | AEU1: DirectBilirubin Day15 | AEV1: DirectBilirubin Day16 | AEW1: DirectBilirubin Day17 | AEX1: DirectBilirubin Day18 | AEY1: DirectBilirubin Day19 | AEZ1: DirectBilirubin Day20 | AFA1: DirectBilirubin Day23 | AFB1: DirectBilirubin Day24 | AFC1: DirectBilirubin Day26 | AFD1: DirectBilirubin Day31 | AFE1: DirectBilirubin Day35 | AFF1: DirectBilirubin Day49 | AFG1: DirectBilirubin Day55 | AFH1: DirectBilirubin Day92 | AFI1: DirectBilirubin Day103 | AFJ1: Gesamteiweiß Day11_From Start | AFK1: Gesamteiweiß Day2_From Start | AFL1: Gesamteiweiß Day_Unknown | AFM1: Gesamteiweiß Day1 | AFN1: Gesamteiweiß Day2 | AFO1: Gesamteiweiß Day4 | AFP1: Gesamteiweiß Day5 | AFQ1: Gesamteiweiß Day6 | AFR1: Gesamteiweiß Day9 | AFS1: Gesamteiweiß Day10 | AFT1: Gesamteiweiß Day11 | AFU1: Gesamteiweiß Day12 | AFV1: Gesamteiweiß Day15 | AFW1: Gesamteiweiß Day16 | AFX1: Gesamteiweiß Day24 | AFY1: Gesamteiweiß Day66 | AFZ1: AP Day1080_From Start | AGA1: AP Day107_From Start | AGB1: AP Day37_From Start | AGC1: AP Day36_From Start | AGD1: AP Day30_From Start | AGE1: AP Day22_From Start | AGF1: AP Day20_From Start | AGG1: AP Day18_From Start | AGH1: AP Day14_From Start | AGI1: AP Day13_From Start | AGJ1: AP Day12_From Start | AGK1: AP Day11_From Start | AGL1: AP Day18_From Start | AGM1: AP Day7_From Start | AGN1: AP Day6_From Start | AGO1: AP Day5_From Start | AGP1: AP Day4_From Start | AGQ1: AP Day3_From Start | AGR1: AP Day2_From Start | AGS1: AP Day1_From Start | AGT1: AP Day_Unknown | AGU1: AP Day1 | AGV1: AP Day2 | AGW1: AP Day3 | AGX1: AP Day4 | AGY1: AP Day5 | AGZ1: AP Day6 | AHA1: AP Day7 | AHB1: AP Day8 | AHC1: AP Day9 | AHD1: AP Day10 | AHE1: AP Day11 | AHF1: AP Day12 | AHG1: AP Day13 | AHH1: AP Day14 | AHI1: AP Day15 | AHJ1: AP Day16 | AHK1: AP Day17 | AHL1: AP Day18 | AHM1: AP Day19 | AHN1: AP Day20 | AHO1: AP Day21 | AHP1: AP Day22 | AHQ1: AP Day23 | AHR1: AP Day24 | AHS1: AP Day25 | AHT1: AP Day26 | AHU1: AP Day28 | AHV1: AP Day31 | AHW1: AP Day34 | AHX1: AP Day36 | AHY1: AP Day31 | AHZ1: AP Day33 | AIA1: AP Day34 | AIB1: AP Day35 | AIC1: AP Day40 | AID1: AP Day42 | AIE1: AP Day44 | AIF1: AP Day47 | AIG1: AP Day48 | AIH1: AP Day49 | AII1: AP Day53 | AIJ1: AP Day55 | AIK1: AP Day56 | AIL1: AP Day58 | AIM1: AP Day61 | AIN1: AP Day62 | AIO1: AP Day67 | AIP1: AP Day70 | AIQ1: AP Day79 | AIR1: AP Day84 | AIS1: AP Day88 | AIT1: AP Day92 | AIU1: AP Day103 | AIV1: AP Day164 | AIW1: Cholesterinase Day11_From Start | AIX1: Cholesterinase Day_Unknown | AIY1: Cholesterinase Day1 | AIZ1: Cholesterinase Day2 | AJA1: Cholesterinase Day3 | AJB1: Cholesterinase Day4 | AJC1: Cholesterinase Day5 | AJD1: Cholesterinase Day6 | AJE1: Cholesterinase Day7 | AJF1: Cholesterinase Day8 | AJG1: Cholesterinase Day9 | AJH1: Cholesterinase Day10 | AJI1: Cholesterinase Day12 | AJJ1: Cholesterinase Day15 | AJK1: Cholesterinase Day16 | AJL1: Cholesterinase Day28 | AJM1: Cholesterinase Day35 | AJN1: Cholesterinase Day47 | AJO1: Cholesterinase Day66 | AJP1: Cholesterinase Day79 | AJQ1: Cholesterinase Day103 | AJR1: Kreatinin Day64_From Start | AJS1: Kreatinin Day36_From Start | AJT1: Kreatinin Day20_From Start | AJU1: Kreatinin Day12_From Start | AJV1: Kreatinin Day11_From Start | AJW1: Kreatinin Day8_From Start | AJX1: Kreatinin Day7_From Start | AJY1: Kreatinin Day6_From Start | AJZ1: Kreatinin Day5_From Start | AKA1: Kreatinin Day4_From Start | AKB1: Kreatinin Day3_From Start | AKC1: Kreatinin Day2_From Start | AKD1: Kreatinin Day1_From Start | AKE1: Kreatinin Day_Unknown | AKF1: Kreatinin Day1 | AKG1: Kreatinin Day2 | AKH1: Kreatinin Day3 | AKI1: Kreatinin Day4 | AKJ1: Kreatinin Day5 | AKK1: Kreatinin Day6 | AKL1: Kreatinin Day7 | AKM1: Kreatinin Day8 | AKN1: Kreatinin Day9 | AKO1: Kreatinin Day10 | AKP1: Kreatinin Day11 | AKQ1: Kreatinin Day12 | AKR1: Kreatinin Day13 | AKS1: Kreatinin Day14 | AKT1: Kreatinin Day15 | AKU1: Kreatinin Day17 | AKV1: Kreatinin Day18 | AKW1: Kreatinin Day21 | AKX1: Kreatinin Day22 | AKY1: Kreatinin Day24 | AKZ1: Kreatinin Day25 | ALA1: Kreatinin Day28 | ALB1: Kreatinin Day31 | ALC1: Kreatinin Day33 | ALD1: Kreatinin Day34 | ALE1: Kreatinin Day35 | ALF1: Kreatinin Day55 | ALG1: Kreatinin Day79 | ALH1: Kreatinin Day85 | ALI1: Kreatinkinase Day_Unknown | ALJ1: Kreatinkinase Day1 | ALK1: Kreatinkinase Day4 | ALL1: Amylase Day3_From Start | ALM1: Amylase Day2_From Start | ALN1: Amylase Day1_From Start | ALO1: Amylase Day_Unknown | ALP1: Amylase Day1 | ALQ1: Amylase Day2 | ALR1: Amylase Day3 | ALS1: Amylase Day4 | ALT1: Amylase Day5 | ALU1: Amylase Day6 | ALV1: Amylase Day8 | ALW1: Amylase Day9 | ALX1: Amylase Day11 | ALY1: Amylase Day12 | ALZ1: Amylase Day14 | AMA1: Amylase Day15 | AMB1: Amylase Day16 | AMC1: Amylase Day21 | AMD1: Amylase Day31 | AME1: Amylase Day35 | AMF1: Amylase Day37 | AMG1: Amylase Day84 | AMH1: Lipase Day7_From Start | AMI1: Lipase Day6_From Start | AMJ1: Lipase Day3_From Start | AMK1: Lipase Day2_From Start | AML1: Lipase Day1_From Start | AMM1: Lipase Day_Unknown | AMN1: Lipase Day1 | AMO1: Lipase Day2 | AMP1: Lipase Day3 | AMQ1: Lipase Day4 | AMR1: Lipase Day5 | AMS1: Lipase Day6 | AMT1: Lipase Day8 | AMU1: Lipase Day9 | AMV1: Lipase Day10 | AMW1: Lipase Day11 | AMX1: Lipase Day13 | AMY1: Lipase Day14 | AMZ1: Lipase Day15 | ANA1: Lipase Day16 | ANB1: Lipase Day17 | ANC1: Lipase Day18 | AND1: Lipase Day21 | ANE1: Lipase Day31 | ANF1: Lipase Day31 | ANG1: Lipase Day34 | ANH1: Lipase Day35 | ANI1: Lipase Day48 | ANJ1: Lipase Day49 | ANK1: Lipase Day58 | ANL1: Lipase Day67 | ANM1: Lipase Day66 | ANN1: Lipase Day84 | ANO1: CRP Day12_From Start | ANP1: CRP Day11_From Start | ANQ1: CRP Day8_From Start | ANR1: CRP Day7_From Start | ANS1: CRP Day6_From Start | ANT1: CRP Day5_From Start | ANU1: CRP Day3_From Start | ANV1: CRP Day2_From Start | ANW1: CRP Day1_From Start | ANX1: CRP Day_Unknown | ANY1: CRP Day1 | ANZ1: CRP Day2 | AOA1: CRP Day3 | AOB1: CRP Day4 | AOC1: CRP Day5 | AOD1: CRP Day6 | AOE1: CRP Day7 | AOF1: CRP Day8 | AOG1: CRP Day9 | AOH1: CRP Day10 | AOI1: CRP Day11 | AOJ1: CRP Day12 | AOK1: CRP Day13 | AOL1: CRP Day14 | AOM1: CRP Day15 | AON1: CRP Day16 | AOO1: CRP Day17 | AOP1: CRP Day18 | AOQ1: CRP Day20 | AOR1: CRP Day21 | AOS1: CRP Day23 | AOT1: CRP Day24 | AOU1: CRP Day28 | AOV1: CRP Day36 | AOW1: CRP Day44 | AOX1: CRP Day35 | AOY1: CRP Day66 | AOZ1: CRP Day74 | APA1: CRP Day79 | APB1: CRP Day172 | APC1: Harnstoff Day11_From Start | APD1: Harnstoff Day8_From Start | APE1: Harnstoff Day7_From Start | APF1: Harnstoff Day6_From Start | APG1: Harnstoff Day5_From Start | APH1: Harnstoff Day3_From Start | API1: Harnstoff Day2_From Start | APJ1: Harnstoff Day1_From Start | APK1: Harnstoff Day_Unknown | APL1: Harnstoff Day1 | APM1: Harnstoff Day2 | APN1: Harnstoff Day3 | APO1: Harnstoff Day4 | APP1: Harnstoff Day6 | APQ1: Harnstoff Day7 | APR1: Harnstoff Day9 | APS1: Harnstoff Day10 | APT1: Harnstoff Day11 | APU1: Harnstoff Day13 | APV1: Harnstoff Day14 | APW1: Harnstoff Day15 | APX1: Harnstoff Day16 | APY1: Harnstoff Day17 | APZ1: Harnstoff Day22 | AQA1: Harnstoff Day25 | AQB1: Harnstoff Day28 | AQC1: Harnstoff Day31 | AQD1: Harnstoff Day34 | AQE1: Harnstoff Day55 | AQF1: Harnstoff Day66 | AQG1: Harnsäure Day64_From Start | AQH1: Harnsäure Day64_From Start | AQI1: Harnsäure Day64_From Start | AQJ1: Harnsäure Day64_From Start | AQK1: Harnsäure Day64_From Start | AQL1: Harnsäure Day_Unknown | AQM1: Harnsäure Day1 | AQN1: Harnsäure Day2 | AQO1: Harnsäure Day3 | AQP1: Harnsäure Day4 | AQQ1: Harnsäure Day7 | AQR1: Harnsäure Day9 | AQS1: Harnsäure Day10 | AQT1: Harnsäure Day14 | AQU1: Harnsäure Day15 | AQV1: Harnsäure Day15 | AQW1: Harnsäure Day28 | AQX1: Erythrozyten Day36_From Start | AQY1: Erythrozyten Day22_From Start | AQZ1: Erythrozyten Day20_From Start | ARA1: Erythrozyten Day12_From Start | ARB1: Erythrozyten Day11_From Start | ARC1: Erythrozyten Day8_From Start | ARD1: Erythrozyten Day7_From Start | ARE1: Erythrozyten Day6_From Start | ARF1: Erythrozyten Day5_From Start | ARG1: Erythrozyten Day3_From Start | ARH1: Erythrozyten Day2_From Start | ARI1: Erythrozyten Day1_From Start | ARJ1: Erythrozyten Day_Unknown | ARK1: Erythrozyten Day1 | ARL1: Erythrozyten Day2 | ARM1: Erythrozyten Day3 | ARN1: Erythrozyten Day4 | ARO1: Erythrozyten Day5 | ARP1: Erythrozyten Day6 | ARQ1: Erythrozyten Day7 | ARR1: Erythrozyten Day8 | ARS1: Erythrozyten Day9 | ART1: Erythrozyten Day10 | ARU1: Erythrozyten Day11 | ARV1: Erythrozyten Day12 | ARW1: Erythrozyten Day13 | ARX1: Erythrozyten Day14 | ARY1: Erythrozyten Day15 | ARZ1: Erythrozyten Day16 | ASA1: Erythrozyten Day22 | ASB1: Erythrozyten Day25 | ASC1: Erythrozyten Day31 | ASD1: Erythrozyten Day66 | ASE1: Erythrozyten Day67 | ASF1: Erythrozyten Day70 | ASG1: ESR Day_Unknown | ASH1: ESR Day4 | ASI1: Thrombozyten Day36_From Start | ASJ1: Thrombozyten Day20_From Start | ASK1: Thrombozyten Day12_From Start | ASL1: Thrombozyten Day11_From Start | ASM1: Thrombozyten Day9_From Start | ASN1: Thrombozyten Day8_From Start | ASO1: Thrombozyten Day7_From Start | ASP1: Thrombozyten Day6_From Start | ASQ1: Thrombozyten Day5_From Start | ASR1: Thrombozyten Day3_From Start | ASS1: Thrombozyten Day2_From Start | AST1: Thrombozyten Day1_From Start | ASU1: Thrombozyten Day_Unknown | ASV1: Thrombozyten Day1 | ASW1: Thrombozyten Day2 | ASX1: Thrombozyten Day3 | ASY1: Thrombozyten Day4 | ASZ1: Thrombozyten Day5 | ATA1: Thrombozyten Day6 | ATB1: Thrombozyten Day7 | ATC1: Thrombozyten Day8 | ATD1: Thrombozyten Day9 | ATE1: Thrombozyten Day10 | ATF1: Thrombozyten Day11 | ATG1: Thrombozyten Day12 | ATH1: Thrombozyten Day13 | ATI1: Thrombozyten Day14 | ATJ1: Thrombozyten Day15 | ATK1: Thrombozyten Day16 | ATL1: Thrombozyten Day17 | ATM1: Thrombozyten Day21 | ATN1: Thrombozyten Day22 | ATO1: Thrombozyten Day23 | ATP1: Thrombozyten Day24 | ATQ1: Thrombozyten Day25 | ATR1: Thrombozyten Day27 | ATS1: Thrombozyten Day31 | ATT1: Thrombozyten Day31 | ATU1: Thrombozyten Day34 | ATV1: Thrombozyten Day55 | ATW1: Thrombozyten Day66 | ATX1: Thrombozyten Day67 | ATY1: Thrombozyten Day70 | ATZ1: Thrombozyten Day94 | AUA1: Thrombozyten Day84 | AUB1: Thrombozyten Day85 | AUC1: Haptoglobin Day_Unknown | AUD1: Haptoglobin Day1 | AUE1: Haptoglobin Day2 | AUF1: Haptoglobin Day4 | AUG1: Haptoglobin Day5 | AUH1: BSG Day12_From Start | AUI1: BSG Day7_From Start | AUJ1: BSG Day_Unknown | AUK1: BSG Day1 | AUL1: BSG Day2 | AUM1: BSG Day9 | AUN1: BSG Day11 | AUO1: BSG Day12 | AUP1: Monozyten Day11_From Start | AUQ1: Monozyten Day_Unknown | AUR1: Monozyten Day1 | AUS1: Monozyten Day6 | AUT1: Monozyten Day33 | AUU1: Monozyten Day85 | AUV1: EosinophileDay36_From Start | AUW1: EosinophileDay20_From Start | AUX1: EosinophileDay12_From Start | AUY1: EosinophileDay11_From Start | AUZ1: EosinophileDay7_From Start | AVA1: EosinophileDay6_From Start | AVB1: EosinophileDay_Unknown | AVC1: EosinophileDay1 | AVD1: EosinophileDay2 | AVE1: EosinophileDay3 | AVF1: EosinophileDay4 | AVG1: EosinophileDay5 | AVH1: EosinophileDay6 | AVI1: EosinophileDay7 | AVJ1: EosinophileDay8 | AVK1: EosinophileDay9 | AVL1: EosinophileDay10 | AVM1: EosinophileDay11 | AVN1: Neutrophile Day48_From Start | AVO1: Neutrophile Day36_From Start | AVP1: Neutrophile Day22_From Start | AVQ1: Neutrophile Day20_From Start | AVR1: Neutrophile Day12_From Start | AVS1: Neutrophile Day9_From Start | AVT1: Neutrophile Day7_From Start | AVU1: Neutrophile Day6_From Start | AVV1: Neutrophile Day_Unknown | AVW1: Neutrophile Day1 | AVX1: Neutrophile Day2 | AVY1: Neutrophile Day3 | AVZ1: Neutrophile Day5 | AWA1: Neutrophile Day6 | AWB1: Neutrophile Day9 | AWC1: Neutrophile Day14 | AWD1: Neutrophile Day15 | AWE1: Neutrophile Day32 | AWF1: Neutrophile Day31 | AWG1: Neutrophile Day33 | AWH1: Neutrophile Day46 | AWI1: Neutrophile Day67 | AWJ1: Neutrophile Day84 | AWK1: Neutrophile Day85 | AWL1: Basophile Day36_From Start | AWM1: Basophile Day20_From Start | AWN1: Basophile Day12_From Start | AWO1: Basophile Day11_From Start | AWP1: Basophile Day7_From Start | AWQ1: Basophile Day6_From Start | AWR1: Basophile Day_Unknown | AWS1: Basophile Day1 | AWT1: Basophile Day2 | AWU1: Basophile Day3 | AWV1: Basophile Day9 | AWW1: Basophile Day15 | AWX1: Basophile Day31 | AWY1: Basophile Day67 | AWZ1: Basophile Day84 | AXA1: Basophile Day85 | AXB1: Albumin Day11_From Start | AXC1: Albumin Day8_From Start | AXD1: Albumin Day2_From Start | AXE1: Albumin Day1_From Start | AXF1: Albumin Day_Unknown | AXG1: Albumin Day1 | AXH1: Albumin Day2 | AXI1: Albumin Day3 | AXJ1: Albumin Day4 | AXK1: Albumin Day5 | AXL1: Albumin Day6 | AXM1: Albumin Day12 | AXN1: Albumin Day13 | AXO1: Albumin Day14 | AXP1: Albumin Day16 | AXQ1: Albumin Day17 | AXR1: Albumin Day24 | AXS1: Albumin Day25 | AXT1: Albumin Day55 | AXU1: Albumin Day70 | AXV1: Albumin Day92 | AXW1: GGTP Day_Unknown | AXX1: GGTP Day1 | AXY1: GGTP Day3 | AXZ1: gammaGlobulin Day5 | AYA1: gammaGlobulin Day12 | AYB1: alphaGlobulin Day_Unknown | AYC1: alphaGlobulin Day1 | AYD1: alphaGlobulin Day3 | AYE1: phBlut Day_Unknown | AYF1: phBlut Day1 | AYG1: phBlut Day2 | AYH1: phBlut Day3 | AYI1: phBlut Day4 | AYJ1: phBlut Day6 | AYK1: phBlut Day7 | AYL1: phBlut Day8 | AYM1: phBlut Day9 | AYN1: phBlut Day9 | AYO1: BaseExcess Day_Unknown | AYP1: BaseExcess Day1 | AYQ1: BaseExcess Day2 | AYR1: BaseExcess Day3 | AYS1: BaseExcess Day7 | AYT1: BaseExcess Day8 | AYU1: Bicarbonat Day_Unknown | AYV1: Bicarbonat Day1 | AYW1: Bicarbonat Day2 | AYX1: Bicarbonat Day3 | AYY1: Bicarbonat Day4 | AYZ1: Bicarbonat Day6 | AZA1: Bicarbonat Day7 | AZB1: Bicarbonat Day8 | AZC1: Bicarbonat Day10 | AZD1: Sauerstoffpartialdruck Day_Unknown | AZE1: Sauerstoffpartialdruck Day1 | AZF1: Sauerstoffpartialdruck Day2 | AZG1: Sauerstoffpartialdruck Day3 | AZH1: Sauerstoffpartialdruck Day7 | AZI1: Kohlendioxidpartialdruck Day_Unknown | AZJ1: Kohlendioxidpartialdruck Day1 | AZK1: Kohlendioxidpartialdruck Day2 | AZL1: Kohlendioxidpartialdruck Day3 | AZM1: Kohlendioxidpartialdruck Day4 | AZN1: Kohlendioxidpartialdruck Day6 | AZO1: Kohlendioxidpartialdruck Day7 | AZP1: Kohlendioxidpartialdruck Day8 | AZQ1: Kohlendioxidpartialdruck Day10 | AZR1: Sauerstoffsättigung Day_Unknown | AZS1: Sauerstoffsättigung Day2 | AZT1: Sauerstoffsättigung Day3 | AZU1: Sauerstoffsättigung Day7 | AZV1: Hämatokrit Day64_From Start | AZW1: Hämatokrit Day56_From Start | AZX1: Hämatokrit Day36_From Start | AZY1: Hämatokrit Day26_From Start | AZZ1: Hämatokrit Day22_From Start | BAA1: Hämatokrit Day20_From Start | BAB1: Hämatokrit Day12_From Start | BAC1: Hämatokrit Day11_From Start | BAD1: Hämatokrit Day8_From Start | BAE1: Hämatokrit Day7_From Start | BAF1: Hämatokrit Day6_From Start | BAG1: Hämatokrit Day5_From Start | BAH1: Hämatokrit Day3_From Start | BAI1: Hämatokrit Day2_From Start | BAJ1: Hämatokrit Day1_From Start | BAK1: Hämatokrit Day_Unknown | BAL1: Hämatokrit Day1 | BAM1: Hämatokrit Day2 | BAN1: Hämatokrit Day3 | BAO1: Hämatokrit Day4 | BAP1: Hämatokrit Day5 | BAQ1: Hämatokrit Day6 | BAR1: Hämatokrit Day7 | BAS1: Hämatokrit Day8 | BAT1: Hämatokrit Day9 | BAU1: Hämatokrit Day10 | BAV1: Hämatokrit Day11 | BAW1: Hämatokrit Day12 | BAX1: Hämatokrit Day13 | BAY1: Hämatokrit Day15 | BAZ1: Hämatokrit Day16 | BBA1: Hämatokrit Day18 | BBB1: Hämatokrit Day21 | BBC1: Hämatokrit Day22 | BBD1: Hämatokrit Day23 | BBE1: Hämatokrit Day24 | BBF1: Hämatokrit Day25 | BBG1: Hämatokrit Day27 | BBH1: Hämatokrit Day31 | BBI1: Hämatokrit Day36 | BBJ1: Hämatokrit Day55 | BBK1: Hämatokrit Day57 | BBL1: Hämatokrit Day66 | BBM1: Hämatokrit Day67 | BBN1: Hämatokrit Day70 | BBO1: Hämatokrit Day84 | BBP1: Hämatokrit Day85 | BBQ1: Hämatokrit Day124 | BBR1: MCV Day36_From Start | BBS1: MCV Day20_From Start | BBT1: MCV Day12_From Start | BBU1: MCV Day11_From Start | BBV1: MCV Day9_From Start | BBW1: MCV Day8_From Start | BBX1: MCV Day7_From Start | BBY1: MCV Day6_From Start | BBZ1: MCV Day3_From Start | BCA1: MCV Day2_From Start | BCB1: MCV Day1_From Start | BCC1: MCV Day_Unknown | BCD1: MCV Day1 | BCE1: MCV Day2 | BCF1: MCV Day3 | BCG1: MCV Day4 | BCH1: MCV Day5 | BCI1: MCV Day6 | BCJ1: MCV Day7 | BCK1: MCV Day9 | BCL1: MCV Day10 | BCM1: MCV Day11 | BCN1: MCV Day12 | BCO1: MCV Day15 | BCP1: MCV Day16 | BCQ1: MCV Day21 | BCR1: MCV Day23 | BCS1: MCV Day25 | BCT1: MCV Day31 | BCU1: MCV Day55 | BCV1: MCV Day67 | BCW1: MCV Day84 | BCX1: MCV Day85 | BCY1: MCH Day36_From Start | BCZ1: MCH Day20_From Start | BDA1: MCH Day12_From Start | BDB1: MCH Day11_From Start | BDC1: MCH Day8_From Start | BDD1: MCH Day7_From Start | BDE1: MCH Day6_From Start | BDF1: MCH Day3_From Start | BDG1: MCH Day2_From Start | BDH1: MCH Day_From Start | BDI1: MCH Day_Unknown | BDJ1: MCH Day1 | BDK1: MCH Day2 | BDL1: MCH Day3 | BDM1: MCH Day4 | BDN1: MCH Day5 | BDO1: MCH Day6 | BDP1: MCH Day7 | BDQ1: MCH Day9 | BDR1: MCH Day10 | BDS1: MCH Day11 | BDT1: MCH Day12 | BDU1: MCH Day15 | BDV1: MCH Day16 | BDW1: MCH Day25 | BDX1: MCH Day31 | BDY1: MCH Day67 | BDZ1: MCH Day84 | BEA1: MCH Day85 | BEB1: MCHC Day36_From Start | BEC1: MCHC Day20_From Start | BED1: MCHC Day12_From Start | BEE1: MCHC Day11_From Start | BEF1: MCHC Day8_From Start | BEG1: MCHC Day7_From Start | BEH1: MCHC Day6_From Start | BEI1: MCHC Day3_From Start | BEJ1: MCHC Day2_From Start | BEK1: MCHC Day1_From Start | BEL1: MCHC Day_Unknown | BEM1: MCHC Day1 | BEN1: MCHC Day2 | BEO1: MCHC Day3 | BEP1: MCHC Day4 | BEQ1: MCHC Day5 | BER1: MCHC Day6 | BES1: MCHC Day7 | BET1: MCHC Day9 | BEU1: MCHC Day10 | BEV1: MCHC Day11 | BEW1: MCHC Day12 | BEX1: MCHC Day15 | BEY1: MCHC Day16 | BEZ1: MCHC Day22 | BFA1: MCHC Day25 | BFB1: MCHC Day31 | BFC1: MCHC Day67 | BFD1: MCHC Day84 | BFE1: MCHC Day85 | BGH1: Natrium Day11_From Start | BGI1: Natrium Day9_From Start | BGJ1: Natrium Day8_From Start | BGK1: Natrium Day7_From Start | BGL1: Natrium Day5_From Start | BGM1: Natrium Day3_From Start | BGN1: Natrium Day2_From Start | BGO1: Natrium Day1_From Start | BGP1: Natrium Day_Unknown | BGQ1: Natrium Day1 | BGR1: Natrium Day2 | BGS1: Natrium Day3 | BGT1: Natrium Day4 | BGU1: Natrium Day5 | BGV1: Natrium Day6 | BGW1: Natrium Day7 | BGX1: Natrium Day8 | BGY1: Natrium Day9 | BGZ1: Natrium Day10 | BHA1: Natrium Day11 | BHB1: Natrium Day12 | BHC1: Natrium Day13 | BHD1: Natrium Day14 | BHE1: Natrium Day15 | BHF1: Natrium Day17 | BHG1: Natrium Day21 | BHH1: Natrium Day22 | BHI1: Natrium Day28 | BHJ1: Natrium Day34 | BHK1: Natrium Day55 | BHL1: Natrium Day66 | BHM1: Kalium Day12_From Start | BHN1: Kalium Day11_From Start | BHO1: Kalium Day9_From Start | BHP1: Kalium Day8_From Start | BHQ1: Kalium Day7_From Start | BHR1: Kalium Day5_From Start | BHS1: Kalium Day3_From Start | BHT1: Kalium Day2_From Start | BHU1: Kalium Day1_From Start | BHV1: Kalium Day_Unknown | BHW1: Kalium Day1 | BHX1: Kalium Day2 | BHY1: Kalium Day3 | BHZ1: Kalium Day4 | BIA1: Kalium Day5 | BIB1: Kalium Day6 | BIC1: Kalium Day7 | BID1: Kalium Day8 | BIE1: Kalium Day9 | BIF1: Kalium Day10 | BIG1: Kalium Day11 | BIH1: Kalium Day12 | BII1: Kalium Day13 | BIJ1: Kalium Day14 | BIK1: Kalium Day15 | BIL1: Kalium Day21 | BIM1: Kalium Day22 | BIN1: Kalium Day34 | BIO1: Kalium Day55 | BIP1: Kalium Day66 | BIQ1: Kalzium Day12_From Start | BIR1: Kalzium Day11_From Start | BIS1: Kalzium Day8_From Start | BIT1: Kalzium Day7_From Start | BIU1: Kalzium Day5_From Start | BIV1: Kalzium Day3_From Start | BIW1: Kalzium Day2_From Start | BIX1: Kalzium Day1_From Start | BIY1: Kalzium Day_Unknown | BIZ1: Kalzium Day1 | BJA1: Kalzium Day2 | BJB1: Kalzium Day3 | BJC1: Kalzium Day4 | BJD1: Kalzium Day5 | BJE1: Kalzium Day6 | BJF1: Kalzium Day7 | BJG1: Kalzium Day8 | BJH1: Kalzium Day9 | BJI1: Kalzium Day10 | BJJ1: Kalzium Day11 | BJK1: Kalzium Day15 | BJL1: Kalzium Day17 | BJM1: Kalzium Day22 | BJN1: Kalzium Day24 | BJO1: Kalzium Day34 | BJP1: Magnesium Day11_From Start | BJQ1: Magnesium Day8_From Start | BJR1: Magnesium Day2_From Start | BJS1: Magnesium Day1_From Start | BJT1: Magnesium Day_Unknown | BJU1: Magnesium Day1 | BJV1: Magnesium Day2 | BJW1: Magnesium Day3 | BJX1: Magnesium Day4 | BJY1: Chlorid Day2_From Start | BJZ1: Chlorid Day2_From Start | BKA1: Chlorid Day_Unknown | BKB1: Chlorid Day1 | BKC1: Chlorid Day2 | BKD1: Chlorid Day22 | BKE1: Chlorid Day24 | BKF1: Serum-Eisen Day11_From Start | BKG1: Serum-Eisen Day_Unknown | BKH1: Serum-Eisen Day1 | BKI1: Serum-Eisen Day2 | BKJ1: Serum-Eisen Day3 | BKK1: Serum-Eisen Day10 | BKL1: Serum-Eisen Day13 | BKM1: Serum-Eisen Day15 | BKN1: Serum-Eisen Day16 | BKO1: Serum-Eisen Day35 | BKP1: Serum-Eisen Day79 | BKQ1: Ferritin Day12_From Start | BKR1: Ferritin Day7_From Start | BKS1: Ferritin Day_Unknown | BKT1: Ferritin Day1 | BKU1: Ferritin Day2 | BKV1: Ferritin Day3 | BKW1: Ferritin Day4 | BKX1: Ferritin Day10 | BKY1: Ferritin Day13 | BKZ1: Ferritin Day24 | BLA1: TSH Day6 | BLB1: T3 Day6 | BLC1: T4 Day6 | BLD1: Koagulase Day17 | BLE1: Fever Day6_From Start | BLF1: Fever Day_Unknown | BLG1: Fever Day1 | BLH1: Fever Day2 | BLI1: Fever Day3 | BLJ1: Fever Day7 | BLK1: HbA1C Day_Unknown | BLL1: HbA1C Day1 | BLM1: HbA1C Day3 | BLN1: HbA1C Day7 | BLO1: Glucose Day64_From Start | BLP1: Glucose Day11_From Start | BLQ1: Glucose Day8_From Start | BLR1: Glucose Day6_From Start | BLS1: Glucose Day3_From Start | BLT1: Glucose Day2_From Start | BLU1: Glucose Day1_From Start | BLV1: Glucose Day_Unknown | BLW1: Glucose Day1 | BLX1: Glucose Day2 | BLY1: Glucose Day3 | BLZ1: Glucose Day4 | BMA1: Glucose Day5 | BMB1: Glucose Day6 | BMC1: Glucose Day7 | BMD1: Glucose Day8 | BME1: Glucose Day9 | BMF1: Glucose Day10 | BMG1: Glucose Day11 | BMH1: Glucose Day12 | BMI1: Glucose Day13 | BMJ1: Glucose Day14 | BMK1: Glucose Day15 | BML1: Glucose Day16 | BMM1: Glucose Day17 | BMN1: Glucose Day35 | BMO1: Glucose Day49 | BMP1: Glucose Day66 | BMQ1: Glucose Day79 | BMR1: Protein Day3_From Start | BMS1: Protein Day2_From Start | BMT1: Protein Day1_From Start | BMU1: Protein Day_Unknown | BMV1: Protein Day1 | BMW1: Protein Day2 | BMX1: Protein Day4 | BMY1: Protein Day5 | BMZ1: Protein Day6 | BNA1: Protein Day9 | BNB1: Protein Day14 | BNC1: Protein Day25 | BND1: Ammonika Day_Unknown | BNE1: Ammonika Day1 | BNF1: Ammonika Day2 | BNG1: Ammonika Day3 | BNH1: Ammonika Day4 | BNI1: Ammonika Day7 | BNJ1: Lactat Day8_From Start | BOE1: Leukozyten Day_Unknown | BOF1: Leukozyten Day3 | BOH1: UErythrozyten Day_Unknown
A5: Edited_BfArM Nummer2 | B5: Diagnose | C5: CK Day 12_From Start | D5: CK Day 11_From Start | E5: CK Day 7_From Start | F5: CK Day 6_From Start | G5: CK Day 4_From Start | H5: CK Day 3_From Start | I5: CK Day 2_From Start | J5: CK Day 1_From Start | K5: CK Day_Unknown | L5: Ck Day1 | M5: Ck Day2 | N5: Ck Day3 | O5: Ck Day4 | P5: Ck Day5 | Q5: Ck Day6 | R5: Ck Day7 | S5: Ck Day8 | T5: Ck Day9 | U5: Ck Day10 | V5: Ck Day11 | W5: Ck Day12 | X5: Ck Day13 | Y5: Ck Day14 | Z5: Ck Day15 | AA5: Ck Day16 | AB5: Ck Day17 | AC5: CK-MB Day4_From Start | AD5: CK-MB Day4_From Start | AE5: CK-MB Day4_From Start | AF5: CK-MB Day1 | AG5: CK-MB Day2 | AH5: CK-MB Day3 | AI5: CK-MB Day4 | AJ5: CK-MB Day5 | AK5: CK-MB Day6 | AL5: CK-MB Day7 | AM5: CK-MB Day9 | AN5: CK-MB Day10 | AO5: CK-MB Day11 | AP5: CK-MB Day13 | AQ5: CK-MB Day18 | AR5: CK-MB Day24 | AS5: CK-MB Day13 | AT5: Quick Day37_From Start | AU5: Quick Day12_From Start | AV5: Quick Day11_From Start | AW5: Quick Day8_From Start | AX5: Quick Day7_From Start | AY5: Quick Day3_From Start | AZ5: Quick Day2_From Start | BA5: Quick Day_From Start | BB5: Quick Day_Unknown | BC5: Quick Day1 | BD5: Quick Day2 | BE5: Quick Day3 | BF5: Quick Day4 | BG5: Quick Day5 | BH5: Quick Day6 | BI5: Quick Day7 | BJ5: Quick Day8 | BK5: Quick Day9 | BL5: Quick Day10 | BM5: Quick Day11 | BN5: Quick Day12 | BO5: Quick Day13 | BP5: Quick Day15 | BQ5: Quick Day16 | BR5: Quick Day17 | BS5: Quick Day20 | BT5: Quick Day22 | BU5: Quick Day23 | BV5: Quick Day24 | BW5: Quick Day32 | BX5: Quick Day33 | BY5: Quick Day47 | BZ5: Quick Day53 | CA5: Quick Day66 | CB5: Quick Day75 | CC5: Quick Day86 | CD5: Quick Day97 | CE5: INR Day12_From Start | CF5: INR Day11_From Start | CG5: INR Day8_From Start | CH5: INR Day7_From Start | CI5: INR Day3_From Start | CJ5: INR Day2_From Start | CK5: INR Day1_From Start | CL5: INR Day_Unknown | CM5: INR Day1 | CN5: INR Day2 | CO5: INR Day3 | CP5: INR Day4 | CQ5: INR Day5 | CR5: INR Day6 | CS5: INR Day7 | CT5: INR Day8 | CU5: INR Day9 | CV5: INR Day10 | CW5: INR Day11 | CX5: INR Day13 | CY5: INR Day16 | CZ5: INR Day22 | DA5: INR Day23 | DB5: INR Day33 | DC5: INR Day34 | DD5: INR Day47 | DE5: INR Day53 | DF5: INR Day75 | DG5: INR Day86 | DH5: INR Day97 | DI5: Troponin I Day2_From Start | DJ5: Troponin I Day1_From Start | DK5: Troponin I Day_Unknown | DL5: Troponin I Day51 | DM5: Troponin I Day54 | DN5: Prothrombin Day14_From Start | DO5: Prothrombin Day6_From Start | DP5: Prothrombin Day3_From Start | DQ5: Prothrombin Day2_From Start | DR5: Prothrombin Day1_From Start | DS5: Prothrombin Day_Unknown | DT5: Prothrombin Day1 | DU5: Prothrombin Day2 | DV5: Prothrombin Day5 | DW5: PTT Day1100_From Start (~3Y) | DX5: PTT Day12_From Start | DY5: PTT Day11_From Start | DZ5: PTT Day8_From Start | EA5: PTT Day7_From Start | EB5: PTT Day6_From Start | EC5: PTT Day5_From Start | ED5: PTT Day4_From Start | EE5: PTT Day2_From Start | EF5: PTT Day_Unknown | EG5: PTT Day1 | EH5: PTT Day2 | EI5: PTT Day3 | EJ5: PTT Day4 | EK5: PTT Day5 | EL5: PTT Day6 | EM5: PTT Day7 | EN5: PTT Day8 | EO5: PTT Day9 | EP5: PTT Day10 | EQ5: PTT Day11 | ER5: PTT Day12 | ES5: PTT Day15 | ET5: PTT Day16 | EU5: PTT Day17 | EV5: PTT Day22 | EW5: PTT Day23 | EX5: PTT Day32 | EY5: PTT Day33 | EZ5: PTT Day47 | FA5: PTT Day53 | FB5: PTT Day75 | FC5: PTT Day97 | FD5: TZ Day1_From Start | FE5: TZ Day1 | FF5: TZ Day2 | FG5: TZ Day3 | FH5: TZ Day4 | FI5: TZ Day7 | FJ5: TZ Day9 | FK5: TZ Day10 | FL5: TZ Day11 | FM5: Antithrombin 3 (AT-III) Day_Unknown | FN5: Antithrombin 3 (AT-III) Day1 | FO5: Antithrombin 3 (AT-III) Day2 | FP5: Antithrombin 3 (AT-III) Day12 | FQ5: Serummyoglobin Day2_From Start | FR5: Serummyoglobin Day1_From Start | FS5: Serummyoglobin Day_Unknown | FT5: Serummyoglobin Day1 | FU5: Serummyoglobin Day3 | FV5: Serummyoglobin Day15 | FW5: Serummyoglobin Day16 | FX5: D-Dimer Day_UnKnown | FY5: D-Dimer Day1 | FZ5: D-Dimer Day2 | GA5: D-Dimer Day4 | GB5: CH-50 Day_Unknown | GC5: Fibrinogen Day12_From Start | GD5: Fibrinogen Day11_From Start | GE5: Fibrinogen Day8_From Start | GF5: Fibrinogen Day7_From Start | GG5: Fibrinogen Day2_From Start | GH5: Fibrinogen Day1_From Start | GI5: Fibrinogen Day_Unknown | GJ5: Fibrinogen Day1 | GK5: Fibrinogen Day2 | GL5: Fibrinogen Day3 | GM5: Fibrinogen Day4 | GN5: Fibrinogen Day7 | GO5: Fibrinogen Day9 | GP5: Fibrinogen Day10 | GQ5: Fibrinogen Day11 | GR5: Fibrinogen Day12 | GS5: Fibrinogen Day13 | GT5: Fibrinogen Day15 | GU5: Fibrinogen Day16 | GV5: Fibrinogen Day22 | GW5: Fibrinogen Day53 | GX5: AT III Day_Unknown | GY5: Leukozyten Day64_From Start | GZ5: Leukozyten Day48_From Start | HA5: Leukozyten Day39_From Start | HB5: Leukozyten Day36_From Start | HC5: Leukozyten Day27_From Start | HD5: Leukozyten Day20_From Start | HE5: Leukozyten Day12_From Start | HF5: Leukozyten Day11_From Start | HG5: Leukozyten Day9_From Start | HH5: Leukozyten Day8_From Start | HI5: Leukozyten Day7_From Start | HJ5: Leukozyten Day6_From Start | HK5: Leukozyten Day5_From Start | HL5: Leukozyten Day4_From Start | HM5: Leukozyten Day3_From Start | HN5: Leukozyten Day2_From Start | HO5: Leukozyten Day1_From Start | HP5: Leukozyten Day_Unknown | HQ5: Leukozyten Day1 | HR5: Leukozyten Day2 | HS5: Leukozyten Day3 | HT5: Leukozyten Day4 | HU5: Leukozyten Day5 | HV5: Leukozyten Day6 | HW5: Leukozyten Day7 | HX5: Leukozyten Day8 | HY5: Leukozyten Day9 | HZ5: Leukozyten Day10 | IA5: Leukozyten Day11 | IB5: Leukozyten Day12 | IC5: Leukozyten Day13 | ID5: Leukozyten Day14 | IE5: Leukozyten Day15 | IF5: Leukozyten Day16 | IG5: Leukozyten Day17 | IH5: Leukozyten Day20 | II5: Leukozyten Day21 | IJ5: Leukozyten Day22 | IK5: Leukozyten Day23 | IL5: Leukozyten Day25 | IM5: Leukozyten Day27 | IN5: Leukozyten Day29 | IO5: Leukozyten Day31 | IP5: Leukozyten Day53 | IQ5: Leukozyten Day63 | IR5: Leukozyten Day70 | IS5: Leukozyten Day162 | IT5: GOT Day275_From Start | IU5: GOT Day114_From Start | IV5: GOT Day107_From Start | IW5: GOT Day105_From Start | IX5: GOT Day56_From Start | IY5: GOT Day36_From Start | IZ5: GOT Day26_From Start | JA5: GOT Day22_From Start | JB5: GOT Day20_From Start | JC5: GOT Day18_From Start | JD5: GOT Day13_From Start | JE5: GOT Day12_From Start | JF5: GOT Day11_From Start | JG5: GOT Day9_From Start | JH5: GOT Day8_From Start | JI5: GOT Day7_From Start | JJ5: GOT Day6_From Start | JK5: GOT Day5_From Start | JL5: GOT Day4_From Start | JM5: GOT Day3_From Start | JN5: GOT Day2_From Start | JO5: GOT Day1_From Start | JP5: GOT Day_Unknown | JQ5: GOT Day1 | JR5: GOT Day2 | JS5: GOT Day3 | JT5: GOT Day4 | JU5: GOT Day5 | JV5: GOT Day6 | JW5: GOT Day7 | JX5: GOT Day8 | JY5: GOT Day9 | JZ5: GOT Day10 | KA5: GOT Day11 | KB5: GOT Day12 | KC5: GOT Day13 | KD5: GOT Day14 | KE5: GOT Day15 | KF5: GOT Day16 | KG5: GOT Day17 | KH5: GOT Day18 | KI5: GOT Day19 | KJ5: GOT Day20 | KK5: GOT Day21 | KL5: GOT Day22 | KM5: GOT Day23 | KN5: GOT Day24 | KO5: GOT Day25 | KP5: GOT Day26 | KQ5: GOT Day27 | KR5: GOT Day28 | KS5: GOT Day29 | KT5: GOT Day30 | KU5: GOT Day31 | KV5: GOT Day32 | KW5: GOT Day33 | KX5: GOT Day34 | KY5: GOT Day35 | KZ5: GOT Day37 | LA5: GOT Day38 | LB5: GOT Day39 | LC5: GOT Day41 | LD5: GOT Day43 | LE5: GOT Day45 | LF5: GOT Day46 | LG5: GOT Day47 | LH5: GOT Day49 | LI5: GOT Day51 | LJ5: GOT Day52 | LK5: GOT Day53 | LL5: GOT Day54 | LM5: GOT Day56 | LN5: GOT Day57 | LO5: GOT Day58 | LP5: GOT Day62 | LQ5: GOT Day63 | LR5: GOT Day66 | LS5: GOT Day67 | LT5: GOT Day70 | LU5: GOT Day74 | LV5: GOT Day75 | LW5: GOT Day80 | LX5: GOT Day84 | LY5: GOT Day86 | LZ5: GOT Day90 | MA5: GOT Day93 | MB5: GOT Day97 | MC5: GOT Day101 | MD5: GOT Day14 | ME5: GOT Day153 | MF5: GPT Day275_From Start | MG5: GPT Day114_From Start | MH5: GPT Day107_From Start | MI5: GPT Day105_From Start | MJ5: GPT Day55_From Start | MK5: GPT Day54_From Start | ML5: GPT Day37_From Start | MM5: GPT Day36_From Start | MN5: GPT Day30_From Start | MO5: GPT Day28_From Start | MP5: GPT Day22_From Start | MQ5: GPT Day20_From Start | MR5: GPT Day18_From Start | MS5: GPT Day13_From Start | MT5: GPT Day12_From Start | MU5: GPT Day11_From Start | MV5: GPT Day9_From Start | MW5: GPT Day8_From Start | MX5: GPT Day7_From Start | MY5: GPT Day6_From Start | MZ5: GPT Day5_From Start | NA5: GPT Day4_From Start | NB5: GPT Day3_From Start | NC5: GPT Day2_From Start | ND5: GPT Day1_From Start | NE5: GPT Day_Unknown | NF5: GPT Day1 | NG5: GPT Day2 | NH5: GPT Day3 | NI5: GPT Day4 | NJ5: GPT Day5 | NK5: GPT Day6 | NL5: GPT Day7 | NM5: GPT Day8 | NN5: GPT Day9 | NO5: GPT Day10 | NP5: GPT Day11 | NQ5: GPT Day12 | NR5: GPT Day13 | NS5: GPT Day14 | NT5: GPT Day15 | NU5: GPT Day16 | NV5: GPT Day17 | NW5: GPT Day18 | NX5: GPT Day19 | NY5: GPT Day20 | NZ5: GPT Day21 | OA5: GPT Day22 | OB5: GPT Day23 | OC5: GPT Day24 | OD5: GPT Day25 | OE5: GPT Day26 | OF5: GPT Day27 | OG5: GPT Day28 | OH5: GPT Day29 | OI5: GPT Day31 | OJ5: GPT Day32 | OK5: GPT Day33 | OL5: GPT Day34 | OM5: GPT Day35 | ON5: GPT Day36 | OO5: GPT Day37 | OP5: GPT Day38 | OQ5: GPT Day40 | OR5: GPT Day41 | OS5: GPT Day42 | OT5: GPT Day44 | OU5: GPT Day45 | OV5: GPT Day46 | OW5: GPT Day47 | OX5: GPT Day49 | OY5: GPT Day51 | OZ5: GPT Day52 | PA5: GPT Day53 | PB5: GPT Day54 | PC5: GPT Day55 | PD5: GPT Day57 | PE5: GPT Day58 | PF5: GPT Day62 | PG5: GPT Day63 | PH5: GPT Day64 | PI5: GPT Day66 | PJ5: GPT Day67 | PK5: GPT Day70 | PL5: GPT Day74 | PM5: GPT Day75 | PN5: GPT Day80 | PO5: GPT Day84 | PP5: GPT Day86 | PQ5: GPT Day90 | PR5: GPT Day93 | PS5: GPT Day97 | PT5: GPT Day100 | PU5: GPT Day104 | PV5: GPT Day154 | PW5: GPT Day158 | PX5: GGT Day275_From Start | PY5: GGT Day114_From Start | PZ5: GGT Day105_From Start | QA5: GGT Day67_From Start | QB5: GGT Day55_From Start | QC5: GGT Day37_From Start | QD5: GGT Day36_From Start | QE5: GGT Day22_From Start | QF5: GGT Day20_From Start | QG5: GGT Day18_From Start | QH5: GGT Day12_From Start | QI5: GGT Day11_From Start | QJ5: GGT Day9_From Start | QK5: GGT Day8_From Start | QL5: GGT Day7_From Start | QM5: GGT Day6_From Start | QN5: GGT Day5_From Start | QO5: GGT Day4_From Start | QP5: GGT Day3_From Start | QQ5: GGT Day2_From Start | QR5: GGT Day1_From Start | QS5: GGT Day_Unknown | QT5: GGT Day1 | QU5: GGT Day2 | QV5: GGT Day3 | QW5: GGT Day4 | QX5: GGT Day5 | QY5: GGT Day6 | QZ5: GGT Day7 | RA5: GGT Day8 | RB5: GGT Day9 | RC5: GGT Day10 | RD5: GGT Day11 | RE5: GGT Day12 | RF5: GGT Day13 | RG5: GGT Day14 | RH5: GGT Day15 | RI5: GGT Day16 | RJ5: GGT Day17 | RK5: GGT Day18 | RL5: GGT Day19 | RM5: GGT Day20 | RN5: GGT Day21 | RO5: GGT Day22 | RP5: GGT Day23 | RQ5: GGT Day24 | RR5: GGT Day26 | RS5: GGT Day28 | RT5: GGT Day29 | RU5: GGT Day30 | RV5: GGT Day31 | RW5: GGT Day32 | RX5: GGT Day33 | RY5: GGT Day34 | RZ5: GGT Day35 | SA5: GGT Day28 | SB5: GGT Day41 | SC5: GGT Day42 | SD5: GGT Day46 | SE5: GGT Day47 | SF5: GGT Day48 | SG5: GGT Day49 | SH5: GGT Day51 | SI5: GGT Day53 | SJ5: GGT Day54 | SK5: GGT Day56 | SL5: GGT Day59 | SM5: GGT Day58 | SN5: GGT Day62 | SO5: GGT Day63 | SP5: GGT Day66 | SQ5: GGT Day70 | SR5: GGT Day74 | SS5: GGT Day73 | ST5: GGT Day78 | SU5: GGT Day82 | SV5: GGT Day86 | SW5: GGT Day93 | SX5: GGT Day97 | SY5: GGT Day104 | SZ5: LDH Day64_From Start | TA5: LDH Day13_From Start | TB5: LDH Day12_From Start | TC5: LDH Day11_From Start | TD5: LDH Day7_From Start | TE5: LDH Day6_From Start | TF5: LDH Day5_From Start | TG5: LDH Day4_From Start | TH5: LDH Day3_From Start | TI5: LDH Day2_From Start | TJ5: LDH Day1_From Start | TK5: LDH Day_Unknown | TL5: LDH Day1 | TM5: LDH Day2 | TN5: LDH Day3 | TO5: LDH Day4 | TP5: LDH Day5 | TQ5: LDH Day6 | TR5: LDH Day7 | TS5: LDH Day8 | TT5: LDH Day9 | TU5: LDH Day10 | TV5: LDH Day11 | TW5: LDH Day12 | TX5: LDH Day13 | TY5: LDH Day15 | TZ5: LDH Day16 | UA5: LDH Day17 | UB5: LDH Day18 | UC5: LDH Day22 | UD5: LDH Day24 | UE5: LDH Day28 | UF5: LDH Day19 | UG5: LDH Day31 | UH5: LDH Day34 | UI5: LDH Day53 | UJ5: LDH Day54 | UK5: LDH Day66 | UL5: GLDH Day275_From Start | UM5: GLDH Day_Unknown | UN5: GLDH Day1 | UO5: GLDH Day2 | UP5: GLDH Day3 | UQ5: GLDH Day4 | UR5: GLDH Day5 | US5: GLDH Day7 | UT5: GLDH Day11 | UU5: GLDH Day13 | UV5: GLDH Day15 | UW5: GLDH Day16 | UX5: GLDH Day19 | UY5: GLDH Day20 | UZ5: GLDH Day29 | VA5: GLDH Day30 | VB5: GLDH Day33 | VC5: GLDH Day47 | VD5: GLDH Day53 | VE5: GLDH Day63 | VF5: GLDH Day66 | VG5: GLDH Day75 | VH5: GLDH Day80 | VI5: GLDH Day97 | VJ5: Triglyceride Day22_From Start | VK5: Triglyceride Day2_From Start | VL5: Triglyceride Day1_From Start | VM5: Triglyceride Day_Unknown | VN5: Triglyceride Day1 | VO5: Triglyceride Day2 | VP5: Triglyceride Day4 | VQ5: Triglyceride Day5 | VR5: Triglyceride Day6 | VS5: Triglyceride Day14 | VT5: Triglyceride Day15 | VU5: Triglyceride Day16 | VV5: Triglyceride Day21 | VW5: Triglyceride Day25 | VX5: Triglyceride Day28 | VY5: Triglyceride Day44 | VZ5: Triglyceride Day56 | WA5: Triglyceride Day84 | WB5: Cholessterin Day55_From Start | WC5: Cholessterin Day1_From Start | WD5: Cholesterin Day_Unknown | WE5: Cholesterin Day1 | WF5: Cholesterin Day4 | WG5: Cholesterin Day5 | WH5: Cholesterin Day8 | WI5: Cholesterin Day14 | WJ5: Cholesterin Day15 | WK5: Cholesterin Day16 | WL5: Cholesterin Day18 | WM5: Cholesterin Day25 | WN5: Cholesterin Day84 | WO5: HDL Day_Unknown | WP5: HDL Day1 | WQ5: HDL Day12 | WR5: HDL Day14 | WS5: HDL Day25 | WT5: HDL Day54 | WU5: HDL Day82 | WV5: LDL Day_Unknown | WW5: LDL Day1 | WX5: LDL Day14 | WY5: LDL Day25 | WZ5: LDL Day56 | XA5: LDL Day84 | XB5: LDL/HDL Day_Unknown | XC5: Cholesterol/HDL Day_Unknown | XD5: Lymphozyten Day36_From Start | XE5: Lymphozyten Day22_From Start | XF5: Lymphozyten Day20_From Start | XG5: Lymphozyten Day12_From Start | XH5: Lymphozyten Day11_From Start | XI5: Lymphozyten Day7_From Start | XJ5: Lymphozyten Day6_From Start | XK5: Lymphozyten Day4_From Start | XL5: Lymphozyten Day_Unknown | XM5: Lymphozyten d1 | XN5: Lymphozyten d2 | XO5: Lymphozyten d3 | XP5: Lymphozyten d4 | XQ5: Lymphozyten d5 | XR5: Lymphozyten d6 | XS5: Lymphozyten d8 | XT5: Lymphozyten d9 | XU5: Lymphozyten d11 | XV5: Lymphozyten d13 | XW5: Lymphozyten d14 | XX5: Lymphozyten d15 | XY5: Lymphozyten d29 | XZ5: Lymphozyten d30 | YA5: Lymphozyten d31 | YB5: Lymphozyten d44 | YC5: Lymphozyten d62 | YD5: Lymphozyten d63 | YE5: Lymphozyten d80 | YF5: Lymphozyten d81 | YG5: Monocyten Day36_From Start | YH5: Monocyten Day22_From Start | YI5: Monocyten Day20_From Start | YJ5: Monocyten Day12_From Start | YK5: Monocyten Day7_From Start | YL5: Monocyten Day6_From Start | YM5: Monocyten Day_Unknown | YN5: Monocyten Day1 | YO5: Monocyten Day2 | YP5: Monocyten Day3 | YQ5: Monocyten Day5 | YR5: Monocyten Day6 | YS5: Monocyten Day9 | YT5: Monocyten Day14 | YU5: Monocyten Day15 | YV5: Monocyten Day29 | YW5: Monocyten Day63 | YX5: Monocyten Day80 | YY5: Hb Day72_From Start | YZ5: Hb Day64_From Start | ZA5: Hb Day56_From Start | ZB5: Hb Day43_From Start | ZC5: Hb Day38_From Start | ZD5: Hb Day36_From Start | ZE5: Hb Day26_From Start | ZF5: Hb Day22_From Start | ZG5: Hb Day21_From Start | ZH5: Hb Day20_From Start | ZI5: Hb Day14_From Start | ZJ5: Hb Day12_From Start | ZK5: Hb Day11_From Start | ZL5: Hb Day8_From Start | ZM5: Hb Day7_From Start | ZN5: Hb Day6_From Start | ZO5: Hb Day5_From Start | ZP5: Hb Day3_From Start | ZQ5: Hb Day2_From Start | ZR5: Hb Day1_From Start | ZS5: Hb Day_Unknown | ZT5: Hb Day1 | ZU5: Hb Day2 | ZV5: Hb Day3 | ZW5: Hb Day4 | ZX5: Hb Day5 | ZY5: Hb Day6 | ZZ5: Hb Day7 | AAA5: Hb Day8 | AAB5: Hb Day9 | AAC5: Hb Day10 | AAD5: Hb Day11 | AAE5: Hb Day12 | AAF5: Hb Day13 | AAG5: Hb Day14 | AAH5: Hb Day15 | AAI5: Hb Day16 | AAJ5: Hb Day17 | AAK5: Hb Day18 | AAL5: Hb Day21 | AAM5: Hb Day22 | AAN5: Hb Day23 | AAO5: Hb Day37 | AAP5: Hb Day29 | AAQ5: Hb Day53 | AAR5: Hb Day54 | AAS5: Hb Day62 | AAT5: Hb Day63 | AAU5: Hb Day66 | AAV5: Hb Day70 | AAW5: Hb Day116 | AAX5: Hb Day162 | AAY5: BloodBilirubin Day_Unknown | AAZ5: BloodBilirubin Day7_From Start | ABA5: BloodBilirubin Day2_From Start | ABB5: BloodBilirubin Day1 | ABC5: BloodBilirubin Day2 | ABD5: BloodBilirubin Day3 | ABE5: BloodBilirubin Day4 | ABF5: BloodBilirubin Day5 | ABG5: BloodBilirubin Day6 | ABH5: BloodBilirubin Day7 | ABI5: BloodBilirubin Day8 | ABJ5: BloodBilirubin Day9 | ABK5: BloodBilirubin Day10 | ABL5: BloodBilirubin Day12 | ABM5: BloodBilirubin Day13 | ABN5: BloodBilirubin Day14 | ABO5: BloodBilirubin Day17 | ABP5: BloodBilirubin Day18 | ABQ5: BloodBilirubin Day22 | ABR5: BloodBilirubin Day34 | ABS5: TotalBilirubin Day107_From Start | ABT5: TotalBilirubin Day64_From Start | ABU5: TotalBilirubin Day22_From Start | ABV5: TotalBilirubin Day12_From Start | ABW5: TotalBilirubin Day11_From Start | ABX5: TotalBilirubin Day8_From Start | ABY5: TotalBilirubin Day7_From Start | ABZ5: TotalBilirubin Day6_From Start | ACA5: TotalBilirubin Day5_From Start | ACB5: TotalBilirubin Day4_From Start | ACC5: TotalBilirubin Day3_From Start | ACD5: TotalBilirubin Day2_From Start | ACE5: TotalBilirubin Day1_From Start | ACF5: TotalBilirubin Day_Unknown | ACG5: TotalBilirubin Day1 | ACH5: TotalBilirubin Day2 | ACI5: TotalBilirubin Day3 | ACJ5: TotalBilirubin Day4 | ACK5: TotalBilirubin Day5 | ACL5: TotalBilirubin Day6 | ACM5: TotalBilirubin Day7 | ACN5: TotalBilirubin Day8 | ACO5: TotalBilirubin Day9 | ACP5: TotalBilirubin Day10 | ACQ5: TotalBilirubin Day11 | ACR5: TotalBilirubin Day12 | ACS5: TotalBilirubin Day13 | ACT5: TotalBilirubin Day14 | ACU5: TotalBilirubin Day15 | ACV5: TotalBilirubin Day16 | ACW5: TotalBilirubin Day17 | ACX5: TotalBilirubin Day18 | ACY5: TotalBilirubin Day19 | ACZ5: TotalBilirubin Day20 | ADA5: TotalBilirubin Day21 | ADB5: TotalBilirubin Day22 | ADC5: TotalBilirubin Day23 | ADD5: TotalBilirubin Day24 | ADE5: TotalBilirubin Day26 | ADF5: TotalBilirubin Day28 | ADG5: TotalBilirubin Day29 | ADH5: TotalBilirubin Day30 | ADI5: TotalBilirubin Day31 | ADJ5: TotalBilirubin Day32 | ADK5: TotalBilirubin Day33 | ADL5: TotalBilirubin Day34 | ADM5: TotalBilirubin Day35 | ADN5: TotalBilirubin Day42 | ADO5: TotalBilirubin Day44 | ADP5: TotalBilirubin Day45 | ADQ5: TotalBilirubin Day46 | ADR5: TotalBilirubin Day47 | ADS5: TotalBilirubin Day49 | ADT5: TotalBilirubin Day51 | ADU5: TotalBilirubin Day52 | ADV5: TotalBilirubin Day53 | ADW5: TotalBilirubin Day54 | ADX5: TotalBilirubin Day56 | ADY5: TotalBilirubin Day62 | ADZ5: TotalBilirubin Day63 | AEA5: TotalBilirubin Day74 | AEB5: TotalBilirubin Day75 | AEC5: TotalBilirubin Day80 | AED5: TotalBilirubin Day86 | AEE5: TotalBilirubin Day90 | AEF5: TotalBilirubin Day97 | AEG5: TotalBilirubin Day154 | AEH5: DirectBilirubin Day64_From Start | AEI5: DirectBilirubin Day_Unknown | AEJ5: DirectBilirubin Day1 | AEK5: DirectBilirubin Day2 | AEL5: DirectBilirubin Day3 | AEM5: DirectBilirubin Day4 | AEN5: DirectBilirubin Day5 | AEO5: DirectBilirubin Day6 | AEP5: DirectBilirubin Day7 | AEQ5: DirectBilirubin Day8 | AER5: DirectBilirubin Day10 | AES5: DirectBilirubin Day11 | AET5: DirectBilirubin Day12 | AEU5: DirectBilirubin Day15 | AEV5: DirectBilirubin Day16 | AEW5: DirectBilirubin Day17 | AEX5: DirectBilirubin Day18 | AEY5: DirectBilirubin Day19 | AEZ5: DirectBilirubin Day20 | AFA5: DirectBilirubin Day23 | AFB5: DirectBilirubin Day24 | AFC5: DirectBilirubin Day26 | AFD5: DirectBilirubin Day29 | AFE5: DirectBilirubin Day33 | AFF5: DirectBilirubin Day47 | AFG5: DirectBilirubin Day53 | AFH5: DirectBilirubin Day86 | AFI5: DirectBilirubin Day97 | AFJ5: Gesamteiweiß Day11_From Start | AFK5: Gesamteiweiß Day2_From Start | AFL5: Gesamteiweiß Day_Unknown | AFM5: Gesamteiweiß Day1 | AFN5: Gesamteiweiß Day2 | AFO5: Gesamteiweiß Day4 | AFP5: Gesamteiweiß Day5 | AFQ5: Gesamteiweiß Day6 | AFR5: Gesamteiweiß Day9 | AFS5: Gesamteiweiß Day10 | AFT5: Gesamteiweiß Day11 | AFU5: Gesamteiweiß Day12 | AFV5: Gesamteiweiß Day15 | AFW5: Gesamteiweiß Day16 | AFX5: Gesamteiweiß Day24 | AFY5: Gesamteiweiß Day62 | AFZ5: AP Day1080_From Start | AGA5: AP Day107_From Start | AGB5: AP Day37_From Start | AGC5: AP Day36_From Start | AGD5: AP Day30_From Start | AGE5: AP Day22_From Start | AGF5: AP Day20_From Start | AGG5: AP Day18_From Start | AGH5: AP Day14_From Start | AGI5: AP Day13_From Start | AGJ5: AP Day12_From Start | AGK5: AP Day11_From Start | AGL5: AP Day18_From Start | AGM5: AP Day7_From Start | AGN5: AP Day6_From Start | AGO5: AP Day5_From Start | AGP5: AP Day4_From Start | AGQ5: AP Day3_From Start | AGR5: AP Day2_From Start | AGS5: AP Day1_From Start | AGT5: AP Day_Unknown | AGU5: AP Day1 | AGV5: AP Day2 | AGW5: AP Day3 | AGX5: AP Day4 | AGY5: AP Day5 | AGZ5: AP Day6 | AHA5: AP Day7 | AHB5: AP Day8 | AHC5: AP Day9 | AHD5: AP Day10 | AHE5: AP Day11 | AHF5: AP Day12 | AHG5: AP Day13 | AHH5: AP Day14 | AHI5: AP Day15 | AHJ5: AP Day16 | AHK5: AP Day17 | AHL5: AP Day18 | AHM5: AP Day19 | AHN5: AP Day20 | AHO5: AP Day21 | AHP5: AP Day22 | AHQ5: AP Day23 | AHR5: AP Day24 | AHS5: AP Day25 | AHT5: AP Day26 | AHU5: AP Day28 | AHV5: AP Day29 | AHW5: AP Day31 | AHX5: AP Day32 | AHY5: AP Day33 | AHZ5: AP Day36 | AIA5: AP Day38 | AIB5: AP Day40 | AIC5: AP Day42 | AID5: AP Day45 | AIE5: AP Day46 | AIF5: AP Day47 | AIG5: AP Day51 | AIH5: AP Day53 | AII5: AP Day54 | AIJ5: AP Day56 | AIK5: AP Day57 | AIL5: AP Day58 | AIM5: AP Day63 | AIN5: AP Day66 | AIO5: AP Day75 | AIP5: AP Day80 | AIQ5: AP Day84 | AIR5: AP Day86 | AIS5: AP Day97 | AIT5: AP Day154 | AIU5: Cholesterinase Day11_From Start | AIV5: Cholesterinase Day_Unknown | AIW5: Cholesterinase Day1 | AIX5: Cholesterinase Day2 | AIY5: Cholesterinase Day3 | AIZ5: Cholesterinase Day4 | AJA5: Cholesterinase Day5 | AJB5: Cholesterinase Day6 | AJC5: Cholesterinase Day7 | AJD5: Cholesterinase Day8 | AJE5: Cholesterinase Day9 | AJF5: Cholesterinase Day10 | AJG5: Cholesterinase Day12 | AJH5: Cholesterinase Day15 | AJI5: Cholesterinase Day16 | AJJ5: Cholesterinase Day28 | AJK5: Cholesterinase Day33 | AJL5: Cholesterinase Day45 | AJM5: Cholesterinase Day62 | AJN5: Cholesterinase Day75 | AJO5: Cholesterinase Day97 | AJP5: Kreatinin Day64_From Start | AJQ5: Kreatinin Day36_From Start | AJR5: Kreatinin Day20_From Start | AJS5: Kreatinin Day12_From Start | AJT5: Kreatinin Day11_From Start | AJU5: Kreatinin Day8_From Start | AJV5: Kreatinin Day7_From Start | AJW5: Kreatinin Day6_From Start | AJX5: Kreatinin Day5_From Start | AJY5: Kreatinin Day4_From Start | AJZ5: Kreatinin Day3_From Start | AKA5: Kreatinin Day2_From Start | AKB5: Kreatinin Day1_From Start | AKC5: Kreatinin Day_Unknown | AKD5: Kreatinin Day1 | AKE5: Kreatinin Day2 | AKF5: Kreatinin Day3 | AKG5: Kreatinin Day4 | AKH5: Kreatinin Day5 | AKI5: Kreatinin Day6 | AKJ5: Kreatinin Day7 | AKK5: Kreatinin Day8 | AKL5: Kreatinin Day9 | AKM5: Kreatinin Day10 | AKN5: Kreatinin Day11 | AKO5: Kreatinin Day12 | AKP5: Kreatinin Day13 | AKQ5: Kreatinin Day14 | AKR5: Kreatinin Day15 | AKS5: Kreatinin Day17 | AKT5: Kreatinin Day18 | AKU5: Kreatinin Day21 | AKV5: Kreatinin Day22 | AKW5: Kreatinin Day24 | AKX5: Kreatinin Day25 | AKY5: Kreatinin Day28 | AKZ5: Kreatinin Day29 | ALA5: Kreatinin Day31 | ALB5: Kreatinin Day32 | ALC5: Kreatinin Day33 | ALD5: Kreatinin Day53 | ALE5: Kreatinin Day75 | ALF5: Kreatinin Day81 | ALG5: Kreatinkinase Day_Unknown | ALH5: Kreatinkinase Day1 | ALI5: Kreatinkinase Day4 | ALJ5: Amylase Day3_From Start | ALK5: Amylase Day2_From Start | ALL5: Amylase Day1_From Start | ALM5: Amylase Day_Unknown | ALN5: Amylase Day1 | ALO5: Amylase Day2 | ALP5: Amylase Day3 | ALQ5: Amylase Day4 | ALR5: Amylase Day5 | ALS5: Amylase Day6 | ALT5: Amylase Day8 | ALU5: Amylase Day9 | ALV5: Amylase Day11 | ALW5: Amylase Day12 | ALX5: Amylase Day14 | ALY5: Amylase Day15 | ALZ5: Amylase Day16 | AMA5: Amylase Day21 | AMB5: Amylase Day29 | AMC5: Amylase Day33 | AMD5: Amylase Day33 | AME5: Amylase Day80 | AMF5: Lipase Day7_From Start | AMG5: Lipase Day6_From Start | AMH5: Lipase Day3_From Start | AMI5: Lipase Day2_From Start | AMJ5: Lipase Day1_From Start | AMK5: Lipase Day_Unknown | AML5: Lipase Day1 | AMM5: Lipase Day2 | AMN5: Lipase Day3 | AMO5: Lipase Day4 | AMP5: Lipase Day5 | AMQ5: Lipase Day6 | AMR5: Lipase Day8 | AMS5: Lipase Day9 | AMT5: Lipase Day10 | AMU5: Lipase Day11 | AMV5: Lipase Day13 | AMW5: Lipase Day14 | AMX5: Lipase Day15 | AMY5: Lipase Day16 | AMZ5: Lipase Day17 | ANA5: Lipase Day18 | ANB5: Lipase Day21 | ANC5: Lipase Day29 | AND5: Lipase Day32 | ANE5: Lipase Day33 | ANF5: Lipase Day46 | ANG5: Lipase Day47 | ANH5: Lipase Day56 | ANI5: Lipase Day63 | ANJ5: Lipase Day62 | ANK5: Lipase Day80 | ANL5: CRP Day12_From Start | ANM5: CRP Day11_From Start | ANN5: CRP Day8_From Start | ANO5: CRP Day7_From Start | ANP5: CRP Day6_From Start | ANQ5: CRP Day5_From Start | ANR5: CRP Day3_From Start | ANS5: CRP Day2_From Start | ANT5: CRP Day1_From Start | ANU5: CRP Day_Unknown | ANV5: CRP Day1 | ANW5: CRP Day2 | ANX5: CRP Day3 | ANY5: CRP Day4 | ANZ5: CRP Day5 | AOA5: CRP Day6 | AOB5: CRP Day7 | AOC5: CRP Day8 | AOD5: CRP Day9 | AOE5: CRP Day10 | AOF5: CRP Day11 | AOG5: CRP Day12 | AOH5: CRP Day13 | AOI5: CRP Day14 | AOJ5: CRP Day15 | AOK5: CRP Day16 | AOL5: CRP Day17 | AOM5: CRP Day18 | AON5: CRP Day20 | AOO5: CRP Day21 | AOP5: CRP Day23 | AOQ5: CRP Day24 | AOR5: CRP Day28 | AOS5: CRP Day36 | AOT5: CRP Day44 | AOU5: CRP Day31 | AOV5: CRP Day62 | AOW5: CRP Day70 | AOX5: CRP Day75 | AOY5: CRP Day162 | AOZ5: Harnstoff Day11_From Start | APA5: Harnstoff Day8_From Start | APB5: Harnstoff Day7_From Start | APC5: Harnstoff Day6_From Start | APD5: Harnstoff Day5_From Start | APE5: Harnstoff Day3_From Start | APF5: Harnstoff Day2_From Start | APG5: Harnstoff Day1_From Start | APH5: Harnstoff Day_Unknown | API5: Harnstoff Day1 | APJ5: Harnstoff Day2 | APK5: Harnstoff Day3 | APL5: Harnstoff Day4 | APM5: Harnstoff Day6 | APN5: Harnstoff Day7 | APO5: Harnstoff Day9 | APP5: Harnstoff Day10 | APQ5: Harnstoff Day11 | APR5: Harnstoff Day13 | APS5: Harnstoff Day14 | APT5: Harnstoff Day15 | APU5: Harnstoff Day16 | APV5: Harnstoff Day17 | APW5: Harnstoff Day22 | APX5: Harnstoff Day25 | APY5: Harnstoff Day28 | APZ5: Harnstoff Day29 | AQA5: Harnstoff Day32 | AQB5: Harnstoff Day53 | AQC5: Harnstoff Day62 | AQD5: Harnsäure Day64_From Start | AQE5: Harnsäure Day64_From Start | AQF5: Harnsäure Day64_From Start | AQG5: Harnsäure Day64_From Start | AQH5: Harnsäure Day64_From Start | AQI5: Harnsäure Day_Unknown | AQJ5: Harnsäure Day1 | AQK5: Harnsäure Day2 | AQL5: Harnsäure Day3 | AQM5: Harnsäure Day4 | AQN5: Harnsäure Day7 | AQO5: Harnsäure Day9 | AQP5: Harnsäure Day10 | AQQ5: Harnsäure Day14 | AQR5: Harnsäure Day15 | AQS5: Harnsäure Day16 | AQT5: Harnsäure Day28 | AQU5: Erythrozyten Day36_From Start | AQV5: Erythrozyten Day22_From Start | AQW5: Erythrozyten Day20_From Start | AQX5: Erythrozyten Day12_From Start | AQY5: Erythrozyten Day11_From Start | AQZ5: Erythrozyten Day8_From Start | ARA5: Erythrozyten Day7_From Start | ARB5: Erythrozyten Day6_From Start | ARC5: Erythrozyten Day5_From Start | ARD5: Erythrozyten Day3_From Start | ARE5: Erythrozyten Day2_From Start | ARF5: Erythrozyten Day1_From Start | ARG5: Erythrozyten Day_Unknown | ARH5: Erythrozyten Day1 | ARI5: Erythrozyten Day2 | ARJ5: Erythrozyten Day3 | ARK5: Erythrozyten Day4 | ARL5: Erythrozyten Day5 | ARM5: Erythrozyten Day6 | ARN5: Erythrozyten Day7 | ARO5: Erythrozyten Day8 | ARP5: Erythrozyten Day9 | ARQ5: Erythrozyten Day10 | ARR5: Erythrozyten Day11 | ARS5: Erythrozyten Day12 | ART5: Erythrozyten Day13 | ARU5: Erythrozyten Day14 | ARV5: Erythrozyten Day15 | ARW5: Erythrozyten Day16 | ARX5: Erythrozyten Day22 | ARY5: Erythrozyten Day25 | ARZ5: Erythrozyten Day29 | ASA5: Erythrozyten Day62 | ASB5: Erythrozyten Day63 | ASC5: Erythrozyten Day66 | ASD5: ESR Day_Unknown | ASE5: ESR Day4 | ASF5: Thrombozyten Day36_From Start | ASG5: Thrombozyten Day20_From Start | ASH5: Thrombozyten Day12_From Start | ASI5: Thrombozyten Day11_From Start | ASJ5: Thrombozyten Day9_From Start | ASK5: Thrombozyten Day8_From Start | ASL5: Thrombozyten Day7_From Start | ASM5: Thrombozyten Day6_From Start | ASN5: Thrombozyten Day5_From Start | ASO5: Thrombozyten Day3_From Start | ASP5: Thrombozyten Day2_From Start | ASQ5: Thrombozyten Day1_From Start | ASR5: Thrombozyten Day_Unknown | ASS5: Thrombozyten Day1 | AST5: Thrombozyten Day2 | ASU5: Thrombozyten Day3 | ASV5: Thrombozyten Day4 | ASW5: Thrombozyten Day5 | ASX5: Thrombozyten Day6 | ASY5: Thrombozyten Day7 | ASZ5: Thrombozyten Day8 | ATA5: Thrombozyten Day9 | ATB5: Thrombozyten Day10 | ATC5: Thrombozyten Day11 | ATD5: Thrombozyten Day12 | ATE5: Thrombozyten Day13 | ATF5: Thrombozyten Day14 | ATG5: Thrombozyten Day15 | ATH5: Thrombozyten Day16 | ATI5: Thrombozyten Day17 | ATJ5: Thrombozyten Day21 | ATK5: Thrombozyten Day22 | ATL5: Thrombozyten Day23 | ATM5: Thrombozyten Day24 | ATN5: Thrombozyten Day25 | ATO5: Thrombozyten Day27 | ATP5: Thrombozyten Day29 | ATQ5: Thrombozyten Day32 | ATR5: Thrombozyten Day53 | ATS5: Thrombozyten Day62 | ATT5: Thrombozyten Day63 | ATU5: Thrombozyten Day66 | ATV5: Thrombozyten Day80 | ATW5: Thrombozyten Day81 | ATX5: Thrombozyten Day86 | ATY5: Haptoglobin Day_Unknown | ATZ5: Haptoglobin Day1 | AUA5: Haptoglobin Day2 | AUB5: Haptoglobin Day4 | AUC5: Haptoglobin Day5 | AUD5: BSG Day12_From Start | AUE5: BSG Day7_From Start | AUF5: BSG Day_Unknown | AUG5: BSG Day1 | AUH5: BSG Day2 | AUI5: BSG Day9 | AUJ5: BSG Day11 | AUK5: BSG Day12 | AUL5: Monozyten Day11_From Start | AUM5: Monozyten Day_Unknown | AUN5: Monozyten Day1 | AUO5: Monozyten Day6 | AUP5: Monozyten Day31 | AUQ5: Monozyten Day81 | AUR5: EosinophileDay36_From Start | AUS5: EosinophileDay20_From Start | AUT5: EosinophileDay12_From Start | AUU5: EosinophileDay11_From Start | AUV5: EosinophileDay7_From Start | AUW5: EosinophileDay6_From Start | AUX5: EosinophileDay_Unknown | AUY5: EosinophileDay1 | AUZ5: EosinophileDay2 | AVA5: EosinophileDay3 | AVB5: EosinophileDay7 | AVC5: EosinophileDay9 | AVD5: EosinophileDay15 | AVE5: EosinophileDay29 | AVF5: EosinophileDay32 | AVG5: EosinophileDay63 | AVH5: EosinophileDay78 | AVI5: EosinophileDay79 | AVJ5: Neutrophile Day48_From Start | AVK5: Neutrophile Day36_From Start | AVL5: Neutrophile Day22_From Start | AVM5: Neutrophile Day20_From Start | AVN5: Neutrophile Day12_From Start | AVO5: Neutrophile Day9_From Start | AVP5: Neutrophile Day7_From Start | AVQ5: Neutrophile Day6_From Start | AVR5: Neutrophile Day_Unknown | AVS5: Neutrophile Day1 | AVT5: Neutrophile Day2 | AVU5: Neutrophile Day3 | AVV5: Neutrophile Day5 | AVW5: Neutrophile Day6 | AVX5: Neutrophile Day9 | AVY5: Neutrophile Day14 | AVZ5: Neutrophile Day15 | AWA5: Neutrophile Day29 | AWB5: Neutrophile Day30 | AWC5: Neutrophile Day31 | AWD5: Neutrophile Day44 | AWE5: Neutrophile Day63 | AWF5: Neutrophile Day80 | AWG5: Neutrophile Day81 | AWH5: Basophile Day36_From Start | AWI5: Basophile Day20_From Start | AWJ5: Basophile Day12_From Start | AWK5: Basophile Day11_From Start | AWL5: Basophile Day7_From Start | AWM5: Basophile Day6_From Start | AWN5: Basophile Day_Unknown | AWO5: Basophile Day1 | AWP5: Basophile Day2 | AWQ5: Basophile Day3 | AWR5: Basophile Day9 | AWS5: Basophile Day15 | AWT5: Basophile Day29 | AWU5: Basophile Day63 | AWV5: Basophile Day80 | AWW5: Basophile Day81 | AWX5: Albumin Day11_From Start | AWY5: Albumin Day8_From Start | AWZ5: Albumin Day2_From Start | AXA5: Albumin Day1_From Start | AXB5: Albumin Day_Unknown | AXC5: Albumin Day1 | AXD5: Albumin Day2 | AXE5: Albumin Day3 | AXF5: Albumin Day4 | AXG5: Albumin Day5 | AXH5: Albumin Day6 | AXI5: Albumin Day12 | AXJ5: Albumin Day13 | AXK5: Albumin Day14 | AXL5: Albumin Day16 | AXM5: Albumin Day17 | AXN5: Albumin Day24 | AXO5: Albumin Day25 | AXP5: Albumin Day53 | AXQ5: Albumin Day66 | AXR5: Albumin Day86 | AXS5: GGTP Day_Unknown | AXT5: GGTP Day1 | AXU5: GGTP Day3 | AXV5: gammaGlobulin Day5 | AXW5: gammaGlobulin Day12 | AXX5: alphaGlobulin Day_Unknown | AXY5: alphaGlobulin Day1 | AXZ5: alphaGlobulin Day3 | AYA5: phBlut Day_Unknown | AYB5: phBlut Day1 | AYC5: phBlut Day2 | AYD5: phBlut Day3 | AYE5: phBlut Day4 | AYF5: phBlut Day6 | AYG5: phBlut Day7 | AYH5: phBlut Day8 | AYI5: phBlut Day9 | AYJ5: phBlut Day9 | AYK5: BaseExcess Day_Unknown | AYL5: BaseExcess Day1 | AYM5: BaseExcess Day2 | AYN5: BaseExcess Day3 | AYO5: BaseExcess Day7 | AYP5: BaseExcess Day8 | AYQ5: Bicarbonat Day_Unknown | AYR5: Bicarbonat Day1 | AYS5: Bicarbonat Day2 | AYT5: Bicarbonat Day3 | AYU5: Bicarbonat Day4 | AYV5: Bicarbonat Day6 | AYW5: Bicarbonat Day7 | AYX5: Bicarbonat Day8 | AYY5: Bicarbonat Day10 | AYZ5: Sauerstoffpartialdruck Day_Unknown | AZA5: Sauerstoffpartialdruck Day1 | AZB5: Sauerstoffpartialdruck Day2 | AZC5: Sauerstoffpartialdruck Day3 | AZD5: Sauerstoffpartialdruck Day7 | AZE5: Kohlendioxidpartialdruck Day_Unknown | AZF5: Kohlendioxidpartialdruck Day1 | AZG5: Kohlendioxidpartialdruck Day2 | AZH5: Kohlendioxidpartialdruck Day3 | AZI5: Kohlendioxidpartialdruck Day4 | AZJ5: Kohlendioxidpartialdruck Day6 | AZK5: Kohlendioxidpartialdruck Day7 | AZL5: Kohlendioxidpartialdruck Day8 | AZM5: Kohlendioxidpartialdruck Day10 | AZN5: Sauerstoffsättigung Day_Unknown | AZO5: Sauerstoffsättigung Day2 | AZP5: Sauerstoffsättigung Day3 | AZQ5: Sauerstoffsättigung Day7 | AZR5: Hämatokrit Day64_From Start | AZS5: Hämatokrit Day56_From Start | AZT5: Hämatokrit Day36_From Start | AZU5: Hämatokrit Day26_From Start | AZV5: Hämatokrit Day22_From Start | AZW5: Hämatokrit Day20_From Start | AZX5: Hämatokrit Day12_From Start | AZY5: Hämatokrit Day11_From Start | AZZ5: Hämatokrit Day8_From Start | BAA5: Hämatokrit Day7_From Start | BAB5: Hämatokrit Day6_From Start | BAC5: Hämatokrit Day5_From Start | BAD5: Hämatokrit Day3_From Start | BAE5: Hämatokrit Day2_From Start | BAF5: Hämatokrit Day1_From Start | BAG5: Hämatokrit Day_Unknown | BAH5: Hämatokrit Day1 | BAI5: Hämatokrit Day2 | BAJ5: Hämatokrit Day3 | BAK5: Hämatokrit Day4 | BAL5: Hämatokrit Day5 | BAM5: Hämatokrit Day6 | BAN5: Hämatokrit Day7 | BAO5: Hämatokrit Day8 | BAP5: Hämatokrit Day9 | BAQ5: Hämatokrit Day10 | BAR5: Hämatokrit Day11 | BAS5: Hämatokrit Day12 | BAT5: Hämatokrit Day13 | BAU5: Hämatokrit Day15 | BAV5: Hämatokrit Day16 | BAW5: Hämatokrit Day18 | BAX5: Hämatokrit Day21 | BAY5: Hämatokrit Day22 | BAZ5: Hämatokrit Day23 | BBA5: Hämatokrit Day24 | BBB5: Hämatokrit Day25 | BBC5: Hämatokrit Day27 | BBD5: Hämatokrit Day29 | BBE5: Hämatokrit Day34 | BBF5: Hämatokrit Day53 | BBG5: Hämatokrit Day55 | BBH5: Hämatokrit Day62 | BBI5: Hämatokrit Day63 | BBJ5: Hämatokrit Day66 | BBK5: Hämatokrit Day80 | BBL5: Hämatokrit Day81 | BBM5: Hämatokrit Day116 | BBN5: MCV Day36_From Start | BBO5: MCV Day20_From Start | BBP5: MCV Day12_From Start | BBQ5: MCV Day11_From Start | BBR5: MCV Day9_From Start | BBS5: MCV Day8_From Start | BBT5: MCV Day7_From Start | BBU5: MCV Day6_From Start | BBV5: MCV Day3_From Start | BBW5: MCV Day2_From Start | BBX5: MCV Day1_From Start | BBY5: MCV Day_Unknown | BBZ5: MCV Day1 | BCA5: MCV Day2 | BCB5: MCV Day3 | BCC5: MCV Day4 | BCD5: MCV Day5 | BCE5: MCV Day6 | BCF5: MCV Day7 | BCG5: MCV Day9 | BCH5: MCV Day10 | BCI5: MCV Day11 | BCJ5: MCV Day12 | BCK5: MCV Day15 | BCL5: MCV Day16 | BCM5: MCV Day21 | BCN5: MCV Day23 | BCO5: MCV Day25 | BCP5: MCV Day29 | BCQ5: MCV Day53 | BCR5: MCV Day63 | BCS5: MCV Day80 | BCT5: MCV Day81 | BCU5: MCH Day36_From Start | BCV5: MCH Day20_From Start | BCW5: MCH Day12_From Start | BCX5: MCH Day11_From Start | BCY5: MCH Day8_From Start | BCZ5: MCH Day7_From Start | BDA5: MCH Day6_From Start | BDB5: MCH Day3_From Start | BDC5: MCH Day2_From Start | BDD5: MCH Day_From Start | BDE5: MCH Day_Unknown | BDF5: MCH Day1 | BDG5: MCH Day2 | BDH5: MCH Day3 | BDI5: MCH Day4 | BDJ5: MCH Day5 | BDK5: MCH Day6 | BDL5: MCH Day7 | BDM5: MCH Day9 | BDN5: MCH Day10 | BDO5: MCH Day11 | BDP5: MCH Day12 | BDQ5: MCH Day15 | BDR5: MCH Day16 | BDS5: MCH Day25 | BDT5: MCH Day29 | BDU5: MCH Day63 | BDV5: MCH Day80 | BDW5: MCH Day81 | BDX5: MCHC Day36_From Start | BDY5: MCHC Day20_From Start | BDZ5: MCHC Day12_From Start | BEA5: MCHC Day11_From Start | BEB5: MCHC Day8_From Start | BEC5: MCHC Day7_From Start | BED5: MCHC Day6_From Start | BEE5: MCHC Day3_From Start | BEF5: MCHC Day2_From Start | BEG5: MCHC Day1_From Start | BEH5: MCHC Day_Unknown | BEI5: MCHC Day1 | BEJ5: MCHC Day2 | BEK5: MCHC Day3 | BEL5: MCHC Day4 | BEM5: MCHC Day5 | BEN5: MCHC Day6 | BEO5: MCHC Day7 | BEP5: MCHC Day9 | BEQ5: MCHC Day10 | BER5: MCHC Day11 | BES5: MCHC Day12 | BET5: MCHC Day15 | BEU5: MCHC Day16 | BEV5: MCHC Day22 | BEW5: MCHC Day25 | BEX5: MCHC Day29 | BEY5: MCHC Day63 | BEZ5: MCHC Day80 | BFA5: MCHC Day81 | BGD5: Natrium Day11_From Start | BGE5: Natrium Day9_From Start | BGF5: Natrium Day8_From Start | BGG5: Natrium Day7_From Start | BGH5: Natrium Day5_From Start | BGI5: Natrium Day3_From Start | BGJ5: Natrium Day2_From Start | BGK5: Natrium Day1_From Start | BGL5: Natrium Day_Unknown | BGM5: Natrium Day1 | BGN5: Natrium Day2 | BGO5: Natrium Day3 | BGP5: Natrium Day4 | BGQ5: Natrium Day5 | BGR5: Natrium Day6 | BGS5: Natrium Day7 | BGT5: Natrium Day8 | BGU5: Natrium Day9 | BGV5: Natrium Day10 | BGW5: Natrium Day11 | BGX5: Natrium Day12 | BGY5: Natrium Day13 | BGZ5: Natrium Day14 | BHA5: Natrium Day15 | BHB5: Natrium Day17 | BHC5: Natrium Day21 | BHD5: Natrium Day22 | BHE5: Natrium Day28 | BHF5: Natrium Day32 | BHG5: Natrium Day53 | BHH5: Natrium Day64 | BHI5: Kalium Day12_From Start | BHJ5: Kalium Day11_From Start | BHK5: Kalium Day9_From Start | BHL5: Kalium Day8_From Start | BHM5: Kalium Day7_From Start | BHN5: Kalium Day5_From Start | BHO5: Kalium Day3_From Start | BHP5: Kalium Day2_From Start | BHQ5: Kalium Day1_From Start | BHR5: Kalium Day_Unknown | BHS5: Kalium Day1 | BHT5: Kalium Day2 | BHU5: Kalium Day3 | BHV5: Kalium Day4 | BHW5: Kalium Day5 | BHX5: Kalium Day6 | BHY5: Kalium Day7 | BHZ5: Kalium Day8 | BIA5: Kalium Day9 | BIB5: Kalium Day10 | BIC5: Kalium Day11 | BID5: Kalium Day12 | BIE5: Kalium Day13 | BIF5: Kalium Day14 | BIG5: Kalium Day15 | BIH5: Kalium Day21 | BII5: Kalium Day22 | BIJ5: Kalium Day32 | BIK5: Kalium Day53 | BIL5: Kalium Day62 | BIM5: Kalzium Day12_From Start | BIN5: Kalzium Day11_From Start | BIO5: Kalzium Day8_From Start | BIP5: Kalzium Day7_From Start | BIQ5: Kalzium Day5_From Start | BIR5: Kalzium Day3_From Start | BIS5: Kalzium Day2_From Start | BIT5: Kalzium Day1_From Start | BIU5: Kalzium Day_Unknown | BIV5: Kalzium Day1 | BIW5: Kalzium Day2 | BIX5: Kalzium Day3 | BIY5: Kalzium Day4 | BIZ5: Kalzium Day5 | BJA5: Kalzium Day6 | BJB5: Kalzium Day7 | BJC5: Kalzium Day8 | BJD5: Kalzium Day9 | BJE5: Kalzium Day10 | BJF5: Kalzium Day11 | BJG5: Kalzium Day15 | BJH5: Kalzium Day17 | BJI5: Kalzium Day22 | BJJ5: Kalzium Day24 | BJK5: Kalzium Day32 | BJL5: Magnesium Day11_From Start | BJM5: Magnesium Day8_From Start | BJN5: Magnesium Day2_From Start | BJO5: Magnesium Day1_From Start | BJP5: Magnesium Day_Unknown | BJQ5: Magnesium Day1 | BJR5: Magnesium Day2 | BJS5: Magnesium Day3 | BJT5: Magnesium Day4 | BJU5: Chlorid Day2_From Start | BJV5: Chlorid Day2_From Start | BJW5: Chlorid Day_Unknown | BJX5: Chlorid Day1 | BJY5: Chlorid Day2 | BJZ5: Chlorid Day22 | BKA5: Chlorid Day24 | BKB5: Serum-Eisen Day11_From Start | BKC5: Serum-Eisen Day_Unknown | BKD5: Serum-Eisen Day1 | BKE5: Serum-Eisen Day2 | BKF5: Serum-Eisen Day3 | BKG5: Serum-Eisen Day10 | BKH5: Serum-Eisen Day13 | BKI5: Serum-Eisen Day15 | BKJ5: Serum-Eisen Day16 | BKK5: Serum-Eisen Day33 | BKL5: Serum-Eisen Day75 | BKM5: Ferritin Day12_From Start | BKN5: Ferritin Day7_From Start | BKO5: Ferritin Day_Unknown | BKP5: Ferritin Day1 | BKQ5: Ferritin Day2 | BKR5: Ferritin Day3 | BKS5: Ferritin Day4 | BKT5: Ferritin Day10 | BKU5: Ferritin Day13 | BKV5: Ferritin Day24 | BKW5: TSH Day6 | BKX5: T3 Day6 | BKY5: T4 Day6 | BKZ5: Koagulase Day17 | BLA5: Fever Day6_From Start | BLB5: Fever Day_Unknown | BLC5: Fever Day1 | BLD5: Fever Day2 | BLE5: Fever Day3 | BLF5: Fever Day7 | BLG5: HbA1C Day_Unknown | BLH5: HbA1C Day1 | BLI5: HbA1C Day3 | BLJ5: HbA1C Day7 | BLK5: Glucose Day64_From Start | BLL5: Glucose Day11_From Start | BLM5: Glucose Day8_From Start | BLN5: Glucose Day6_From Start | BLO5: Glucose Day3_From Start | BLP5: Glucose Day2_From Start | BLQ5: Glucose Day1_From Start | BLR5: Glucose Day_Unknown | BLS5: Glucose Day1 | BLT5: Glucose Day2 | BLU5: Glucose Day3 | BLV5: Glucose Day4 | BLW5: Glucose Day5 | BLX5: Glucose Day6 | BLY5: Glucose Day7 | BLZ5: Glucose Day8 | BMA5: Glucose Day9 | BMB5: Glucose Day10 | BMC5: Glucose Day11 | BMD5: Glucose Day12 | BME5: Glucose Day13 | BMF5: Glucose Day14 | BMG5: Glucose Day15 | BMH5: Glucose Day16 | BMI5: Glucose Day17 | BMJ5: Glucose Day33 | BMK5: Glucose Day47 | BML5: Glucose Day62 | BMM5: Glucose Day75 | BMN5: Protein Day3_From Start | BMO5: Protein Day2_From Start | BMP5: Protein Day1_From Start | BMQ5: Protein Day_Unknown | BMR5: Protein Day1 | BMS5: Protein Day2 | BMT5: Protein Day4 | BMU5: Protein Day5 | BMV5: Protein Day6 | BMW5: Protein Day9 | BMX5: Protein Day14 | BMY5: Protein Day25 | BMZ5: Ammonika Day_Unknown | BNA5: Ammonika Day1 | BNB5: Ammonika Day2 | BNC5: Ammonika Day3 | BND5: Ammonika Day4 | BNE5: Ammonika Day7 | BNF5: Lactat Day8_From Start | BOA5: Leukozyten Day_Unknown | BOB5: Leukozyten Day3 | BOD5: UErythrozyten Day_Unknown

Sheet Sheet2
A1: Diagnose
A2: CK Day 12_From Start
A3: CK Day 11_From Start
A4: CK Day 7_From Start
A5: CK Day 6_From Start
A6: CK Day 4_From Start
A7: CK Day 3_From Start
A8: CK Day 2_From Start
A9: CK Day 1_From Start
A10: CK Day_Unknown
A11: Ck Day1
A12: Ck Day2
... A44: CK-MB Day15

Sheet Tabelle1
A1: BfArM Nummer | B1: Edited_BfArM Nummer2
A2: Diagnose | B2: Diagnose
A3: CK-12 Tage vor Krankheitsbeginn
A4: CK-11 Tage vor Krankheitsbeginn
A5: CK-7 Tage vor Krankheitsbeginn
A6: CK-6 Tage vor Krankheitsbeginn
A7: CK-4 Tage vor Krankheitsbeginn (U\l)
A8: CK-3 Tage vor Krankheitsbeginn
A9: CK-2 Tage vor Krankheitsbeginn (U\l)
A10: CK-1 Tag vor Krankheitsbeginn (U\l)
A11: CK-Datum unbekannt
A12: CK-d1 (U\l)
A13: Ck-d2
A14: Ck-d3
... A27: Ck- (U\l) d3w3
A28: Ck- (U\l) d5w3m1 | B28: Ck Day17
A29: CK-MB-4 Tage vor Krankheitsbeginn (U\l) | B29: CK-MB Day4_From Start
A30: CK-MB-3 Tage vor Krankheitsbeginn | B30: CK-MB Day4_From Start
A31: CK-MB-2 Tage vor Krankheitsbeginn (U\l) | B31: CK-MB Day4_From Start
A32: CK-MB-d1 (U/L) | B32: CK-MB Day1
A33: CK-MB-d2 | B33: CK-MB Day2
A34: CK-MB-d3 | B34: CK-MB Day3
A35: CK-MB- (U\l) d4 | B35: CK-MB Day4
A36: CK-MB-d5 | B36: CK-MB Day5
A37: CK-MB-d7 | B37: CK-MB Day6
A38: CK-MB- (U\l) d1w1 | B38: CK-MB Day7
A39: CK-MB-d2w1 | B39: CK-MB Day9
... A1509: MCHC- (g/dl) d4w3m2 | B1509: MCHC Day85
A1510: Reticulozyten-11 Tage vor Krankheisbeginn
A1511: Reticulozyten-Datum unbekannt (% pro 1000 Erys)
A1512: Reticulozyten-d2(% pro 1000 Erys)
A1513: Reticulozyten-d3
A1514: Anti-HAV-IgG (0=negativ, 1=positiv)
A1515: EBV-VCA-IgG (0=negativ, 1=positiv)
A1516: Epstein-Barr-IgM-d7 (0=negativ, 1=positiv)
A1517: Cytomegalievirus (0=negativ, 1=positiv)
A1518: ANA(Antinukleäre Antikörper)-Datum umbekannt (0=negativ, 1=positiv)
A1519: Anti-Ro (SSA(Ro)-Antikörper)-Datum unbekannt (0=negativ, 1=positiv)
A1520: Anti-La (SSB(La)-Antikörper)-Datum unbekannt (0=negativ, 1=positiv)
A1521: Antihistonantikörper-Datum unbekannt (0=negativ, 1=positiv)
... A1537: HLA B51 (0=negativ, 1=positiv)
A1538: Natrium-11 Tage vor Krankheitsbeginn (mmol/l) | B1538: Natrium Day11_From Start
A1539: Natrium-9 Tage vor Krankheitsbeginn (mmol/l) | B1539: Natrium Day9_From Start
A1540: Natrium-8 Tage vor Krankheitsbeginn | B1540: Natrium Day8_From Start
A1541: Natrium-7 Tage vor Krankheitsbeginn | B1541: Natrium Day7_From Start
A1542: Natrium-5 Tage vor Krankheitsbeginn | B1542: Natrium Day5_From Start
A1543: Natrium-3 Tage vor Krankheitsbeginn | B1543: Natrium Day3_From Start
A1544: Natrium-2 Tage vor Krankheitsbeginn | B1544: Natrium Day2_From Start
A1545: Natrium-1 Tage vor Krankheitsbeginn | B1545: Natrium Day1_From Start
A1546: Natrium-Datum unbekannt | B1546: Natrium Day_Unknown
A1547: Natrium (Sodium)-d1 (mmol/l) | B1547: Natrium Day1
A1548: Natrium-d2 | B1548: Natrium Day2
A1549: Natrium-d3 | B1549: Natrium Day3
... A1722: Lactat-8 Tage vor Krankheitsbeginn (mmol/l) | B1722: Lactat Day8_From Start
A1723: Lactat-Datum unbekannt
A1724: Lactat-d1 (mmol/l)
A1725: Lactat-d2
A1726: Lactat-d5
A1727: Urobilinogen [mg/dl]-d2w1
A1728: Phosphat-8 Tage vor Krankheitsbeginn
A1729: Phosphat-2 Tage vor Krankheitsbeginn
A1730: Phosphat-1 Tage vor Krankheitsbeginn
A1731: Phosphat-Datum unbekannt
A1732: Phosphat-d1 (mmol/l)
A1733: Phosphat-d2 (mmol/l)
A1734: GFR-Datum unbekannt
... A1742: Prick-Test-Datum unbekannt (0=negativ, 1=positiv)
A1743: Leukozyten-Datum unbekannt | B1743: Leukozyten Day_Unknown
A1744: Leukozyten-d3 (/mikroliter) | B1744: Leukozyten Day3
A1745: Leukozyten im Sediment-d3 (mikroliter)
A1746: Erythrozyten-Datum unbekannt | B1746: UErythrozyten Day_Unknown
A1747: Erythrozyten-d3 (/mikroliter)
A1748: Erythrozyten-d4
A1749: Erythrozyten-d5
A1750: Erythrozyten-d7w1
A1751: Erythrozyten-d4w3
A1752: Erythrozyten im Sediment-d3 (/mikroliter
A1753: Glucose-d3 (mg/dl)
A1754: Protein-Datum unbekannt
A1755: Protein-d1 (mg/dl)
A1756: Protein-d2 (mg/dl)
A1757: Protein-d3 (mg/dl)
A1758: Protein-d4 (mg/dl)
... A5797: Leberzellnekrose
